fecha;propiedad;servicio;cantidad;coste unidad;total servicio;proveedor;factura compra a reclasificar
01/04/2026;ES-01-02-013;LIMPIEZA;4;9;36
01/04/2026;ES-01-02-003;LIMPIEZA;1,5;9;13,5
02/04/2026;ES-01-02-010;LIMPIEZA;2,5;9;22,5
03/04/2026;ES-01-02-006;LIMPIEZA;2,5;9;22,5
04/04/2026;ES-01-02-001;LIMPIEZA;1,5;9;13,5
04/04/2026;ES-01-02-002;LIMPIEZA;1,5;9;13,5
04/04/2026;ES-01-02-005;LIMPIEZA;2;9;18
04/04/2026;ES-01-02-010;LIMPIEZA;2,5;9;22,5
04/04/2026;ES-01-02-013;LIMPIEZA;2;9;18
05/04/2026;ES-01-02-003;LIMPIEZA;1,5;9;13,5
05/04/2026;ES-01-02-005;LIMPIEZA;2;9;18
05/04/2026;ES-01-02-012;LIMPIEZA;2;9;18
06/04/2026;ES-01-02-001;LIMPIEZA;1,5;9;13,5
06/04/2026;ES-01-02-008;LIMPIEZA;2,5;9;22,5
06/04/2026;ES-01-02-015;LIMPIEZA;2;9;18
07/04/2026;ES-01-02-010;LIMPIEZA;2,5;9;22,5
07/04/2026;ES-01-02-007;LIMPIEZA;2;9;18
07/04/2026;ES-01-02-013;LIMPIEZA;2;9;18
08/04/2026;ES-01-02-002;LIMPIEZA;1,5;9;13,5
08/04/2026;ES-01-02-003;LIMPIEZA;1,5;9;13,5
08/04/2026;ES-01-02-005;LIMPIEZA;2;9;18
10/04/2026;ES-01-02-010;LIMPIEZA;2,5;9;22,5
10/04/2026;ES-01-02-006;LIMPIEZA;3,5;9;31,5
11/04/2026;ES-01-02-002;LIMPIEZA;1,5;9;13,5
11/04/2026;ES-01-02-003;LIMPIEZA;1,5;9;13,5
11/04/2026;ES-01-02-010;LIMPIEZA;2,5;9;22,5
11/04/2026;ES-01-02-005;LIMPIEZA;2;9;18
12/04/2026;ES-01-02-001;LIMPIEZA;1,5;9;13,5
12/04/2026;ES-01-02-010;LIMPIEZA;2,5;9;22,5
12/04/2026;ES-01-02-012;LIMPIEZA;2;9;18
13/04/2026;ES-01-02-005;LIMPIEZA;2;9;18
13/04/2026;ES-01-02-008;LIMPIEZA;2,5;9;22,5
13/04/2026;ES-01-02-013;LIMPIEZA;2;9;18
14/04/2026;ES-01-02-002;LIMPIEZA;1,5;9;13,5
14/04/2026;ES-01-02-003;LIMPIEZA;1,5;9;13,5
14/04/2026;ES-01-02-007;LIMPIEZA;2;9;18
15/04/2026;ES-01-02-003;LIMPIEZA;1,5;9;13,5
16/04/2026;ES-01-02-001;LIMPIEZA;1,5;9;13,5
16/04/2026;ES-01-02-002;LIMPIEZA;1,5;9;13,5
16/04/2026;ES-01-02-010;LIMPIEZA;2,5;9;22,5
17/04/2026;ES-01-02-006;LIMPIEZA;2,5;9;22,5
17/04/2026;ES-01-02-007;LIMPIEZA;2;9;18
17/04/2026;ES-01-02-015;LIMPIEZA;2;9;18
18/04/2026;ES-01-02-001;LIMPIEZA;1,5;9;13,5
18/04/2026;ES-01-02-002;LIMPIEZA;1,5;9;13,5
19/04/2026;ES-01-02-002;LIMPIEZA;1,5;9;13,5
19/04/2026;ES-01-02-003;LIMPIEZA;1,5;9;13,5
19/04/2026;ES-01-02-005;LIMPIEZA;2;9;18
19/04/2026;ES-01-02-010;LIMPIEZA;2,5;9;22,5
20/04/2026;ES-01-02-008;LIMPIEZA;2,5;9;22,5
20/04/2026;ES-01-02-012;LIMPIEZA;1;9;9
21/04/2026;ES-01-02-005;LIMPIEZA;2;9;18
21/04/2026;ES-01-02-007;LIMPIEZA;2;9;18
22/04/2026;ES-01-02-005;LIMPIEZA;2;9;18
23/04/2026;ES-01-02-002;LIMPIEZA;1,5;9;13,5
23/04/2026;ES-01-02-003;LIMPIEZA;1,5;9;13,5
23/04/2026;ES-01-02-005;LIMPIEZA;2;9;18
23/04/2026;ES-01-02-010;LIMPIEZA;2,5;9;22,5
23/04/2026;ES-01-02-012;LIMPIEZA;2;9;18
24/04/2026;ES-01-02-002;LIMPIEZA;1,5;9;13,5
24/04/2026;ES-01-02-006;LIMPIEZA;3,5;9;31,5
24/04/2026;ES-01-02-007;LIMPIEZA;2;9;18
25/04/2026;ES-01-02-001;LIMPIEZA;1,5;9;13,5
25/04/2026;ES-01-02-010;LIMPIEZA;2,5;9;22,5
25/04/2026;ES-01-02-013;LIMPIEZA;2;9;18
26/04/2026;ES-01-02-001;LIMPIEZA;1,5;9;13,5
26/04/2026;ES-01-02-002;LIMPIEZA;1,5;9;13,5
26/04/2026;ES-01-02-003;LIMPIEZA;1,5;9;13,5
26/04/2026;ES-01-02-010;LIMPIEZA;2,5;9;22,5
27/04/2026;ES-01-02-008;LIMPIEZA;2,5;9;22,5
27/04/2026;ES-01-02-012;LIMPIEZA;2;9;18
27/04/2026;ES-01-02-015;LIMPIEZA;2;9;18
28/04/2026;ES-01-02-007;LIMPIEZA;2;9;18
29/04/2026;ES-01-02-001;LIMPIEZA;1,5;9;13,5
30/04/2026;ES-01-02-001;LIMPIEZA;1,5;9;13,5
30/04/2026;ES-01-02-011;LIMPIEZA;3;9;27
01/04/2026;ES-01-01-009;LIMPIEZA;2;9;18
01/04/2026;ES-01-01-019;LIMPIEZA;3;9;27
01/04/2026;ES-01-01-037;LIMPIEZA;3,5;9;31,5
01/04/2026;ES-01-01-002;LIMPIEZA;3,5;9;31,5
01/04/2026;ES-01-01-053;LIMPIEZA;3;9;27
01/04/2026;ES-01-01-052;LIMPIEZA;2,5;9;22,5
01/04/2026;ES-01-01-042;LIMPIEZA;3,5;9;31,5
01/04/2026;ES-01-01-044;LIMPIEZA;2,5;9;22,5
01/04/2026;ES-01-01-043;LIMPIEZA;2,5;9;22,5
01/04/2026;ES-01-01-055;LIMPIEZA;2,5;9;22,5
01/04/2026;ES-01-01-010;LIMPIEZA;1;9;9
01/04/2026;ES-01-01-018;LIMPIEZA;1,5;9;13,5
01/04/2026;ES-01-01-035;LIMPIEZA;2;9;18
01/04/2026;ES-01-01-007;LIMPIEZA;2;9;18
01/04/2026;ES-01-01-005;LIMPIEZA;1,5;9;13,5
01/04/2026;ES-01-01-000;LIMPIEZA;2;9;18
02/04/2026;ES-01-01-021;LIMPIEZA;5;9;45
02/04/2026;ES-01-01-041;LIMPIEZA;4;9;36
02/04/2026;ES-01-01-030;LIMPIEZA;3,5;9;31,5
02/04/2026;ES-01-01-032;LIMPIEZA;3;9;27
02/04/2026;ES-01-02-009;LIMPIEZA;2,5;9;22,5
02/04/2026;ES-01-01-031;LIMPIEZA;3,5;9;31,5
02/04/2026;ES-01-01-049;LIMPIEZA;2,5;9;22,5
02/04/2026;ES-01-01-001;LIMPIEZA;2;9;18
02/04/2026;ES-01-01-014;LIMPIEZA;2,5;9;22,5
02/04/2026;ES-01-01-016;LIMPIEZA;2;9;18
02/04/2026;ES-01-01-006;LIMPIEZA;2;9;18
02/04/2026;ES-01-01-046;LIMPIEZA;2;9;18
02/04/2026;ES-01-01-039;LIMPIEZA;2;9;18
03/04/2026;ES-01-01-023;LIMPIEZA;4;9;36
03/04/2026;ES-01-01-027;LIMPIEZA;3;9;27
03/04/2026;ES-01-01-028;LIMPIEZA;2;9;18
03/04/2026;ES-01-01-033;LIMPIEZA;2;9;18
03/04/2026;ES-01-01-003;LIMPIEZA;1;9;9
03/04/2026;ES-01-01-045;LIMPIEZA;2;9;18
03/04/2026;ES-01-01-005;LIMPIEZA;2,5;9;22,5
03/04/2026;ES-01-01-026;LIMPIEZA;2,5;9;22,5
03/04/2026;ES-01-01-050;LIMPIEZA;1,5;9;13,5
03/04/2026;ES-01-01-000;LIMPIEZA;2;9;18
03/04/2026;ES-01-01-002;LIMPIEZA;1,5;9;13,5
06/04/2026;ES-01-01-038;LIMPIEZA;4;9;36
06/04/2026;ES-01-01-015;LIMPIEZA;3,5;9;31,5
06/04/2026;ES-01-01-024;LIMPIEZA;4,5;9;40,5
06/04/2026;ES-01-01-029;LIMPIEZA;3,5;9;31,5
06/04/2026;ES-01-01-051;LIMPIEZA;4;9;36
06/04/2026;ES-01-01-008;LIMPIEZA;2;9;18
06/04/2026;ES-01-01-040;LIMPIEZA;2;9;18
06/04/2026;ES-01-01-047;LIMPIEZA;1,5;9;13,5
06/04/2026;ES-01-01-048;LIMPIEZA;2;9;18
06/04/2026;ES-01-01-017;LIMPIEZA;1;9;9
06/04/2026;ES-01-01-004;LIMPIEZA;2;9;18
07/04/2026;ES-01-01-011;LIMPIEZA;4,5;9;40,5
07/04/2026;ES-01-01-034;LIMPIEZA;3,5;9;31,5
07/04/2026;ES-01-01-012;LIMPIEZA;3;9;27
07/04/2026;ES-01-01-013;LIMPIEZA;3,5;9;31,5
07/04/2026;ES-01-01-025;LIMPIEZA;3;9;27
07/04/2026;ES-01-01-021;LIMPIEZA;11;9;99
07/04/2026;ES-01-01-036;LIMPIEZA;3,5;9;31,5
07/04/2026;ES-01-01-020;LIMPIEZA;3,5;9;31,5
07/04/2026;ES-01-01-022;LIMPIEZA;3,5;9;31,5
07/04/2026;ES-01-01-000;LIMPIEZA;2;9;18
07/04/2026;ES-01-01-054;LIMPIEZA;1,5;9;13,5
07/04/2026;ES-01-01-005;LIMPIEZA;1,5;9;13,5
08/04/2026;ES-01-01-009;LIMPIEZA;2;9;18
08/04/2026;ES-01-01-019;LIMPIEZA;3;9;27
08/04/2026;ES-01-01-037;LIMPIEZA;3,5;9;31,5
08/04/2026;ES-01-01-002;LIMPIEZA;2,5;9;22,5
08/04/2026;ES-01-01-053;LIMPIEZA;3;9;27
08/04/2026;ES-01-01-052;LIMPIEZA;2,5;9;22,5
08/04/2026;ES-01-01-042;LIMPIEZA;3,5;9;31,5
08/04/2026;ES-01-01-044;LIMPIEZA;2,5;9;22,5
08/04/2026;ES-01-01-043;LIMPIEZA;2,5;9;22,5
08/04/2026;ES-01-01-055;LIMPIEZA;2,5;9;22,5
08/04/2026;ES-01-01-010;LIMPIEZA;1;9;9
08/04/2026;ES-01-01-018;LIMPIEZA;1,5;9;13,5
08/04/2026;ES-01-01-035;LIMPIEZA;2;9;18
08/04/2026;ES-01-01-007;LIMPIEZA;2;9;18
09/04/2026;ES-01-01-021;LIMPIEZA;5;9;45
09/04/2026;ES-01-01-041;LIMPIEZA;4;9;36
09/04/2026;ES-01-01-030;LIMPIEZA;3,5;9;31,5
09/04/2026;ES-01-01-032;LIMPIEZA;3;9;27
09/04/2026;ES-01-02-009;LIMPIEZA;2,5;9;22,5
09/04/2026;ES-01-01-031;LIMPIEZA;3,5;9;31,5
09/04/2026;ES-01-01-049;LIMPIEZA;2,5;9;22,5
09/04/2026;ES-01-01-001;LIMPIEZA;2;9;18
09/04/2026;ES-01-01-014;LIMPIEZA;2,5;9;22,5
09/04/2026;ES-01-01-016;LIMPIEZA;2;9;18
09/04/2026;ES-01-01-006;LIMPIEZA;2;9;18
09/04/2026;ES-01-01-046;LIMPIEZA;2;9;18
09/04/2026;ES-01-01-039;LIMPIEZA;2;9;18
09/04/2026;ES-01-01-058;LIMPIEZA;1,5;9;13,5
10/04/2026;ES-01-01-023;LIMPIEZA;4;9;36
10/04/2026;ES-01-01-027;LIMPIEZA;3;9;27
10/04/2026;ES-01-01-028;LIMPIEZA;2;9;18
10/04/2026;ES-01-01-033;LIMPIEZA;2;9;18
10/04/2026;ES-01-01-003;LIMPIEZA;1;9;9
10/04/2026;ES-01-01-045;LIMPIEZA;2;9;18
10/04/2026;ES-01-01-005;LIMPIEZA;2,5;9;22,5
10/04/2026;ES-01-01-026;LIMPIEZA;2,5;9;22,5
10/04/2026;ES-01-01-047;LIMPIEZA;1,5;9;13,5
10/04/2026;ES-01-01-000;LIMPIEZA;2;9;18
10/04/2026;ES-01-01-058;LIMPIEZA;4;9;36
13/04/2026;ES-01-01-038;LIMPIEZA;4;9;36
13/04/2026;ES-01-01-015;LIMPIEZA;3,5;9;31,5
13/04/2026;ES-01-01-024;LIMPIEZA;4,5;9;40,5
13/04/2026;ES-01-01-029;LIMPIEZA;3,5;9;31,5
13/04/2026;ES-01-01-051;LIMPIEZA;4;9;36
13/04/2026;ES-01-01-008;LIMPIEZA;2;9;18
13/04/2026;ES-01-01-040;LIMPIEZA;2;9;18
13/04/2026;ES-01-01-047;LIMPIEZA;1,5;9;13,5
13/04/2026;ES-01-01-048;LIMPIEZA;2;9;18
13/04/2026;ES-01-01-017;LIMPIEZA;1;9;9
13/04/2026;ES-01-01-004;LIMPIEZA;2;9;18
13/04/2026;ES-01-01-053;LIMPIEZA;1;9;9
14/04/2026;ES-01-01-011;LIMPIEZA;4,5;9;40,5
14/04/2026;ES-01-01-034;LIMPIEZA;4;9;36
14/04/2026;ES-01-01-012;LIMPIEZA;3;9;27
14/04/2026;ES-01-01-013;LIMPIEZA;3,5;9;31,5
14/04/2026;ES-01-01-025;LIMPIEZA;3;9;27
14/04/2026;ES-01-01-021;LIMPIEZA;11;9;99
14/04/2026;ES-01-01-036;LIMPIEZA;3,5;9;31,5
14/04/2026;ES-01-01-020;LIMPIEZA;3,5;9;31,5
14/04/2026;ES-01-01-022;LIMPIEZA;3,5;9;31,5
14/04/2026;ES-01-01-054;LIMPIEZA;1,5;9;13,5
15/04/2026;ES-01-01-009;LIMPIEZA;2;9;18
15/04/2026;ES-01-01-019;LIMPIEZA;3;9;27
15/04/2026;ES-01-01-037;LIMPIEZA;3,5;9;31,5
15/04/2026;ES-01-01-002;LIMPIEZA;2,5;9;22,5
15/04/2026;ES-01-01-053;LIMPIEZA;3;9;27
15/04/2026;ES-01-01-052;LIMPIEZA;2,5;9;22,5
15/04/2026;ES-01-01-042;LIMPIEZA;3,5;9;31,5
15/04/2026;ES-01-01-044;LIMPIEZA;2,5;9;22,5
15/04/2026;ES-01-01-043;LIMPIEZA;2,5;9;22,5
15/04/2026;ES-01-01-055;LIMPIEZA;2,5;9;22,5
15/04/2026;ES-01-01-010;LIMPIEZA;1;9;9
15/04/2026;ES-01-01-018;LIMPIEZA;1,5;9;13,5
15/04/2026;ES-01-01-035;LIMPIEZA;2;9;18
15/04/2026;ES-01-01-007;LIMPIEZA;2;9;18
15/04/2026;ES-01-01-000;LIMPIEZA;2;9;18
16/04/2026;ES-01-01-021;LIMPIEZA;5;9;45
16/04/2026;ES-01-01-041;LIMPIEZA;4;9;36
16/04/2026;ES-01-01-030;LIMPIEZA;3,5;9;31,5
16/04/2026;ES-01-01-032;LIMPIEZA;3;9;27
16/04/2026;ES-01-02-009;LIMPIEZA;2,5;9;22,5
16/04/2026;ES-01-01-031;LIMPIEZA;3,5;9;31,5
16/04/2026;ES-01-01-049;LIMPIEZA;2,5;9;22,5
16/04/2026;ES-01-01-001;LIMPIEZA;2;9;18
16/04/2026;ES-01-01-014;LIMPIEZA;2,5;9;22,5
16/04/2026;ES-01-01-016;LIMPIEZA;2;9;18
16/04/2026;ES-01-01-006;LIMPIEZA;2;9;18
16/04/2026;ES-01-01-046;LIMPIEZA;2;9;18
16/04/2026;ES-01-01-039;LIMPIEZA;2;9;18
17/04/2026;ES-01-01-023;LIMPIEZA;4;9;36
17/04/2026;ES-01-01-027;LIMPIEZA;3;9;27
17/04/2026;ES-01-01-028;LIMPIEZA;2;9;18
17/04/2026;ES-01-01-033;LIMPIEZA;2;9;18
17/04/2026;ES-01-01-003;LIMPIEZA;1;9;9
17/04/2026;ES-01-01-045;LIMPIEZA;2;9;18
17/04/2026;ES-01-01-005;LIMPIEZA;2,5;9;22,5
17/04/2026;ES-01-01-026;LIMPIEZA;2,5;9;22,5
17/04/2026;ES-01-01-050;LIMPIEZA;1,5;9;13,5
17/04/2026;ES-01-01-000;LIMPIEZA;2;9;18
20/04/2026;ES-01-01-038;LIMPIEZA;4;9;36
20/04/2026;ES-01-01-015;LIMPIEZA;3,5;9;31,5
20/04/2026;ES-01-01-024;LIMPIEZA;4,5;9;40,5
20/04/2026;ES-01-01-029;LIMPIEZA;3,5;9;31,5
20/04/2026;ES-01-01-051;LIMPIEZA;4;9;36
20/04/2026;ES-01-01-008;LIMPIEZA;2;9;18
20/04/2026;ES-01-01-040;LIMPIEZA;2;9;18
20/04/2026;ES-01-01-047;LIMPIEZA;1,5;9;13,5
20/04/2026;ES-01-01-048;LIMPIEZA;2;9;18
20/04/2026;ES-01-01-017;LIMPIEZA;1,5;9;13,5
20/04/2026;ES-01-01-004;LIMPIEZA;2;9;18
21/04/2026;ES-01-01-011;LIMPIEZA;4,5;9;40,5
21/04/2026;ES-01-01-034;LIMPIEZA;3,5;9;31,5
21/04/2026;ES-01-01-012;LIMPIEZA;3;9;27
21/04/2026;ES-01-01-013;LIMPIEZA;3,5;9;31,5
21/04/2026;ES-01-01-025;LIMPIEZA;3;9;27
21/04/2026;ES-01-01-021;LIMPIEZA;11;9;99
21/04/2026;ES-01-01-036;LIMPIEZA;3,5;9;31,5
21/04/2026;ES-01-01-020;LIMPIEZA;3,5;9;31,5
21/04/2026;ES-01-01-022;LIMPIEZA;3,5;9;31,5
21/04/2026;ES-01-01-054;LIMPIEZA;1,5;9;13,5
21/04/2026;ES-01-01-000;LIMPIEZA;2;9;18
22/04/2026;ES-01-01-009;LIMPIEZA;2;9;18
22/04/2026;ES-01-01-019;LIMPIEZA;3;9;27
22/04/2026;ES-01-01-037;LIMPIEZA;3,5;9;31,5
22/04/2026;ES-01-01-002;LIMPIEZA;2,5;9;22,5
22/04/2026;ES-01-01-053;LIMPIEZA;3;9;27
22/04/2026;ES-01-01-052;LIMPIEZA;2,5;9;22,5
22/04/2026;ES-01-01-042;LIMPIEZA;3,5;9;31,5
22/04/2026;ES-01-01-044;LIMPIEZA;2,5;9;22,5
22/04/2026;ES-01-01-043;LIMPIEZA;2,5;9;22,5
22/04/2026;ES-01-01-055;LIMPIEZA;2,5;9;22,5
22/04/2026;ES-01-01-010;LIMPIEZA;1;9;9
22/04/2026;ES-01-01-018;LIMPIEZA;1,5;9;13,5
22/04/2026;ES-01-01-035;LIMPIEZA;2;9;18
22/04/2026;ES-01-01-007;LIMPIEZA;2;9;18
23/04/2026;ES-01-01-041;LIMPIEZA;4;9;36
23/04/2026;ES-01-01-030;LIMPIEZA;3,5;9;31,5
23/04/2026;ES-01-01-032;LIMPIEZA;3;9;27
23/04/2026;ES-01-02-009;LIMPIEZA;2,5;9;22,5
23/04/2026;ES-01-01-031;LIMPIEZA;3,5;9;31,5
23/04/2026;ES-01-01-049;LIMPIEZA;2,5;9;22,5
23/04/2026;ES-01-01-001;LIMPIEZA;2;9;18
23/04/2026;ES-01-01-014;LIMPIEZA;2,5;9;22,5
23/04/2026;ES-01-01-016;LIMPIEZA;2;9;18
23/04/2026;ES-01-01-006;LIMPIEZA;2;9;18
23/04/2026;ES-01-01-046;LIMPIEZA;2;9;18
23/04/2026;ES-01-01-039;LIMPIEZA;2;9;18
23/04/2026;ES-01-01-058;LIMPIEZA;2;9;18
24/04/2026;ES-01-01-023;LIMPIEZA;4;9;36
24/04/2026;ES-01-01-027;LIMPIEZA;3;9;27
24/04/2026;ES-01-01-028;LIMPIEZA;2;9;18
24/04/2026;ES-01-01-033;LIMPIEZA;2;9;18
24/04/2026;ES-01-01-003;LIMPIEZA;1;9;9
24/04/2026;ES-01-01-045;LIMPIEZA;2;9;18
24/04/2026;ES-01-01-005;LIMPIEZA;2,5;9;22,5
24/04/2026;ES-01-01-026;LIMPIEZA;2,5;9;22,5
24/04/2026;ES-01-01-050;LIMPIEZA;1,5;9;13,5
24/04/2026;ES-01-01-000;LIMPIEZA;2;9;18
24/04/2026;ES-01-01-021;LIMPIEZA;5;9;45
27/04/2026;ES-01-01-038;LIMPIEZA;4;9;36
27/04/2026;ES-01-01-015;LIMPIEZA;3,5;9;31,5
27/04/2026;ES-01-01-024;LIMPIEZA;4,5;9;40,5
27/04/2026;ES-01-01-029;LIMPIEZA;3,5;9;31,5
27/04/2026;ES-01-01-051;LIMPIEZA;4;9;36
27/04/2026;ES-01-01-008;LIMPIEZA;2;9;18
27/04/2026;ES-01-01-040;LIMPIEZA;2;9;18
27/04/2026;ES-01-01-047;LIMPIEZA;1,5;9;13,5
27/04/2026;ES-01-01-048;LIMPIEZA;2;9;18
27/04/2026;ES-01-01-017;LIMPIEZA;1;9;9
27/04/2026;ES-01-01-004;LIMPIEZA;2;9;18
28/04/2026;ES-01-01-011;LIMPIEZA;4,5;9;40,5
28/04/2026;ES-01-01-034;LIMPIEZA;3,5;9;31,5
28/04/2026;ES-01-01-012;LIMPIEZA;3;9;27
28/04/2026;ES-01-01-013;LIMPIEZA;3,5;9;31,5
28/04/2026;ES-01-01-025;LIMPIEZA;3;9;27
28/04/2026;ES-01-01-021;LIMPIEZA;11;9;99
28/04/2026;ES-01-01-036;LIMPIEZA;3,5;9;31,5
28/04/2026;ES-01-01-020;LIMPIEZA;3,5;9;31,5
28/04/2026;ES-01-01-022;LIMPIEZA;3,5;9;31,5
28/04/2026;ES-01-01-054;LIMPIEZA;1,5;9;13,5
28/04/2026;ES-01-01-000;LIMPIEZA;2;9;18
29/04/2026;ES-01-01-009;LIMPIEZA;2;9;18
29/04/2026;ES-01-01-019;LIMPIEZA;3;9;27
29/04/2026;ES-01-01-037;LIMPIEZA;3,5;9;31,5
29/04/2026;ES-01-01-002;LIMPIEZA;2,5;9;22,5
29/04/2026;ES-01-01-053;LIMPIEZA;3;9;27
29/04/2026;ES-01-01-052;LIMPIEZA;2,5;9;22,5
29/04/2026;ES-01-01-042;LIMPIEZA;3,5;9;31,5
29/04/2026;ES-01-01-044;LIMPIEZA;2,5;9;22,5
29/04/2026;ES-01-01-043;LIMPIEZA;2,5;9;22,5
29/04/2026;ES-01-01-055;LIMPIEZA;2,5;9;22,5
29/04/2026;ES-01-01-010;LIMPIEZA;1;9;9
29/04/2026;ES-01-01-018;LIMPIEZA;1,5;9;13,5
29/04/2026;ES-01-01-035;LIMPIEZA;2;9;18
29/04/2026;ES-01-01-007;LIMPIEZA;2;9;18
30/04/2026;ES-01-01-021;LIMPIEZA;5;9;45
30/04/2026;ES-01-01-041;LIMPIEZA;4;9;36
30/04/2026;ES-01-01-030;LIMPIEZA;3,5;9;31,5
30/04/2026;ES-01-01-032;LIMPIEZA;3;9;27
30/04/2026;ES-01-01-031;LIMPIEZA;3,5;9;31,5
30/04/2026;ES-01-01-049;LIMPIEZA;2,5;9;22,5
30/04/2026;ES-01-01-001;LIMPIEZA;2;9;18
30/04/2026;ES-01-01-014;LIMPIEZA;2,5;9;22,5
30/04/2026;ES-01-01-016;LIMPIEZA;2;9;18
30/04/2026;ES-01-01-006;LIMPIEZA;2;9;18
30/04/2026;ES-01-01-046;LIMPIEZA;2;9;18
30/04/2026;ES-01-01-039;LIMPIEZA;2;9;18
30/04/2026;ES-01-01-058;LIMPIEZA;2;9;18
01/04/2026;ES-02-01-026;LIMPIEZA;2;9;18
01/04/2026;ES-02-01-020;LIMPIEZA;1,5;9;13,5
01/04/2026;ES-02-01-009;LIMPIEZA;2;9;18
01/04/2026;ES-02-01-018;LIMPIEZA;2;9;18
01/04/2026;ES-02-01-014;LIMPIEZA;2;9;18
01/04/2026;ES-02-01-021;LIMPIEZA;2;9;18
01/04/2026;ES-02-01-017;LIMPIEZA;1,5;9;13,5
01/04/2026;ES-02-01-002;LIMPIEZA;2;9;18
01/04/2026;ES-02-01-006;LIMPIEZA;2,5;9;22,5
02/04/2026;ES-02-01-024;LIMPIEZA;2;9;18
02/04/2026;ES-02-01-015;LIMPIEZA;2;9;18
03/04/2026;ES-02-01-019;LIMPIEZA;2;9;18
03/04/2026;ES-02-01-003;LIMPIEZA;2,5;9;22,5
03/04/2026;ES-02-01-004;LIMPIEZA;2,5;9;22,5
03/04/2026;ES-02-01-005;LIMPIEZA;2;9;18
06/04/2026;ES-02-01-020;LIMPIEZA;1,5;9;13,5
06/04/2026;ES-02-01-026;LIMPIEZA;2;9;18
06/04/2026;ES-02-01-009;LIMPIEZA;2;9;18
06/04/2026;ES-02-01-018;LIMPIEZA;2;9;18
06/04/2026;ES-02-01-014;LIMPIEZA;2;9;18
06/04/2026;ES-02-01-005;LIMPIEZA;2;9;18
07/04/2026;ES-02-01-010;LIMPIEZA;1,5;9;13,5
07/04/2026;ES-02-01-011;LIMPIEZA;1,5;9;13,5
07/04/2026;ES-01-01-063;LIMPIEZA;1,5;9;13,5
07/04/2026;ES-02-01-008;LIMPIEZA;1,5;9;13,5
07/04/2026;ES-02-01-022;LIMPIEZA;1,5;9;13,5
07/04/2026;ES-02-01-012;LIMPIEZA;1,5;9;13,5
08/04/2026;ES-02-01-021;LIMPIEZA;2;9;18
08/04/2026;ES-02-01-017;LIMPIEZA;1,5;9;13,5
08/04/2026;ES-02-01-002;LIMPIEZA;1,5;9;13,5
09/04/2026;ES-02-01-024;LIMPIEZA;2;9;18
09/04/2026;ES-02-01-015;LIMPIEZA;2;9;18
09/04/2026;ES-02-01-016;LIMPIEZA;2,5;9;22,5
09/04/2026;ES-02-01-006;LIMPIEZA;2,5;9;22,5
10/04/2026;ES-02-01-019;LIMPIEZA;2;9;18
10/04/2026;ES-02-01-003;LIMPIEZA;2;9;18
10/04/2026;ES-02-01-004;LIMPIEZA;2;9;18
10/04/2026;ES-02-01-005;LIMPIEZA;2,5;9;22,5
10/04/2026;ES-02-01-001;LIMPIEZA;2,5;9;22,5
13/04/2026;ES-02-01-026;LIMPIEZA;2;9;18
13/04/2026;ES-02-01-009;LIMPIEZA;2;9;18
13/04/2026;ES-02-01-018;LIMPIEZA;1,5;9;13,5
13/04/2026;ES-02-01-014;LIMPIEZA;1,5;9;13,5
14/04/2026;ES-02-01-010;LIMPIEZA;1,5;9;13,5
14/04/2026;ES-02-01-011;LIMPIEZA;1,5;9;13,5
14/04/2026;ES-01-01-063;LIMPIEZA;1,5;9;13,5
14/04/2026;ES-02-01-008;LIMPIEZA;2;9;18
14/04/2026;ES-02-01-022;LIMPIEZA;2;9;18
14/04/2026;ES-02-01-012;LIMPIEZA;1,5;9;13,5
15/04/2026;ES-02-01-021;LIMPIEZA;2;9;18
15/04/2026;ES-02-01-017;LIMPIEZA;1,5;9;13,5
15/04/2026;ES-02-01-002;LIMPIEZA;1,5;9;13,5
15/04/2026;ES-02-01-006;LIMPIEZA;2,5;9;22,5
16/04/2026;ES-01-02-024;LIMPIEZA;2;9;18
16/04/2026;ES-02-01-016;LIMPIEZA;2,5;9;22,5
17/04/2026;ES-02-01-019;LIMPIEZA;2;9;18
17/04/2026;ES-02-01-003;LIMPIEZA;2;9;18
17/04/2026;ES-02-01-004;LIMPIEZA;2;9;18
17/04/2026;ES-02-01-005;LIMPIEZA;2,5;9;22,5
17/04/2026;ES-02-01-001;LIMPIEZA;2;9;18
20/04/2026;ES-02-01-026;LIMPIEZA;2;9;18
20/04/2026;ES-02-01-009;LIMPIEZA;2;9;18
20/04/2026;ES-02-01-018;LIMPIEZA;1,5;9;13,5
20/04/2026;ES-02-01-014;LIMPIEZA;1,5;9;13,5
21/04/2026;ES-02-01-010;LIMPIEZA;1,5;9;13,5
21/04/2026;ES-02-01-011;LIMPIEZA;1,5;9;13,5
21/04/2026;ES-01-01-063;LIMPIEZA;1,5;9;13,5
21/04/2026;ES-02-01-008;LIMPIEZA;2;9;18
21/04/2026;ES-02-01-012;LIMPIEZA;2;9;18
22/04/2026;ES-02-01-022;LIMPIEZA;1,5;9;13,5
22/04/2026;ES-02-01-021;LIMPIEZA;2;9;18
22/04/2026;ES-02-01-017;LIMPIEZA;1,5;9;13,5
22/04/2026;ES-02-01-002;LIMPIEZA;1,5;9;13,5
22/04/2026;ES-02-01-006;LIMPIEZA;2;9;18
23/04/2026;ES-01-02-024;LIMPIEZA;2;9;18
23/04/2026;ES-02-01-015;LIMPIEZA;2;9;18
23/04/2026;ES-02-01-016;LIMPIEZA;1,5;9;13,5
24/04/2026;ES-02-01-019;LIMPIEZA;2;9;18
24/04/2026;ES-02-01-003;LIMPIEZA;2;9;18
24/04/2026;ES-02-01-004;LIMPIEZA;2;9;18
24/04/2026;ES-02-01-005;LIMPIEZA;2,5;9;22,5
24/04/2026;ES-02-01-001;LIMPIEZA;2,5;9;22,5
27/04/2026;ES-02-01-026;LIMPIEZA;2;9;18
27/04/2026;ES-02-01-020;LIMPIEZA;1,5;9;13,5
27/04/2026;ES-02-01-009;LIMPIEZA;2;9;18
27/04/2026;ES-02-01-018;LIMPIEZA;1,5;9;13,5
27/04/2026;ES-02-01-014;LIMPIEZA;1,5;9;13,5
28/04/2026;ES-02-01-010;LIMPIEZA;1,5;9;13,5
28/04/2026;ES-02-01-011;LIMPIEZA;1,5;9;13,5
28/04/2026;ES-01-01-063;LIMPIEZA;1,5;9;13,5
28/04/2026;ES-02-01-008;LIMPIEZA;2;9;18
28/04/2026;ES-02-01-022;LIMPIEZA;1,5;9;13,5
28/04/2026;ES-02-01-013;LIMPIEZA;2;9;18
28/04/2026;ES-02-01-012;LIMPIEZA;2;9;18
28/04/2026;ES-02-01-025;LIMPIEZA;1,5;9;13,5
29/04/2026;ES-02-01-021;LIMPIEZA;2;9;18
29/04/2026;ES-02-01-017;LIMPIEZA;1,5;9;13,5
29/04/2026;ES-02-01-002;LIMPIEZA;1,5;9;13,5
29/04/2026;ES-02-01-006;LIMPIEZA;2;9;18
30/04/2026;ES-01-02-024;LIMPIEZA;1,5;9;13,5
30/04/2026;ES-02-01-015;LIMPIEZA;2;9;18
30/04/2026;ES-02-01-016;LIMPIEZA;1,5;9;13,5
01/05/2026;ES-01-02-002;LIMPIEZA;1,5;9;13,5
01/05/2026;ES-01-02-003;LIMPIEZA;1,5;9;13,5
01/05/2026;ES-01-02-010;LIMPIEZA;2,5;9;22,5
01/05/2026;ES-01-02-006;LIMPIEZA;2,5;9;22,5
01/05/2026;ES-01-02-007;LIMPIEZA;2;9;18
02/05/2026;ES-01-02-001;LIMPIEZA;1,5;9;13,5
02/05/2026;ES-01-02-003;LIMPIEZA;1,5;9;13,5
02/05/2026;ES-01-02-012;LIMPIEZA;2;9;18
02/05/2026;ES-01-02-011;LIMPIEZA;2;9;18
03/05/2026;ES-01-02-001;LIMPIEZA;1,5;9;13,5
03/05/2026;ES-01-02-002;LIMPIEZA;1,5;9;13,5
03/05/2026;ES-01-02-005;LIMPIEZA;2;9;18
03/05/2026;ES-01-02-010;LIMPIEZA;2,5;9;22,5
04/05/2026;ES-01-02-001;LIMPIEZA;1,5;9;13,5
04/05/2026;ES-01-02-008;LIMPIEZA;2,5;9;22,5
04/05/2026;ES-01-02-011;LIMPIEZA;2;9;18
04/05/2026;ES-01-02-012;LIMPIEZA;2;9;18
05/05/2026;ES-01-02-010;LIMPIEZA;2,5;9;22,5
05/05/2026;ES-01-02-007;LIMPIEZA;2;9;18
05/05/2026;ES-01-02-015;LIMPIEZA;1,5;9;13,5
06/05/2026;ES-01-02-002;LIMPIEZA;1,5;9;13,5
06/05/2026;ES-01-02-003;LIMPIEZA;1,5;9;13,5
07/05/2026;ES-01-02-005;LIMPIEZA;2;9;18
07/05/2026;ES-01-02-010;LIMPIEZA;2,5;9;22,5
08/05/2026;ES-01-02-010;LIMPIEZA;2,5;9;22,5
08/05/2026;ES-01-02-006;LIMPIEZA;3,5;9;31,5
08/05/2026;ES-01-02-007;LIMPIEZA;2;9;18
09/05/2026;ES-01-02-001;LIMPIEZA;1,5;9;13,5
09/05/2026;ES-01-02-002;LIMPIEZA;1,5;9;13,5
09/05/2026;ES-01-02-003;LIMPIEZA;1,5;9;13,5
09/05/2026;ES-01-02-005;LIMPIEZA;1;9;9
10/05/2026;ES-01-02-001;LIMPIEZA;1,5;9;13,5
10/05/2026;ES-01-02-002;LIMPIEZA;1,5;9;13,5
10/05/2026;ES-01-02-003;LIMPIEZA;1,5;9;13,5
10/05/2026;ES-01-02-010;LIMPIEZA;3;9;27
10/05/2026;ES-01-02-013;LIMPIEZA;2;9;18
10/05/2026;ES-01-02-012;LIMPIEZA;2;9;18
11/05/2026;ES-01-02-010;LIMPIEZA;2,5;9;22,5
11/05/2026;ES-01-02-008;LIMPIEZA;2,5;9;22,5
11/05/2026;ES-01-02-011;LIMPIEZA;2;9;18
11/05/2026;ES-01-02-015;LIMPIEZA;2;9;18
12/05/2026;ES-01-02-005;LIMPIEZA;2;9;18
12/05/2026;ES-01-02-010;LIMPIEZA;2,5;9;22,5
12/05/2026;ES-01-02-007;LIMPIEZA;2;9;18
13/05/2026;ES-01-02-002;LIMPIEZA;1,5;9;13,5
14/05/2026;ES-01-02-010;LIMPIEZA;2,5;9;22,5
15/05/2026;ES-01-02-006;LIMPIEZA;2,5;9;22,5
16/05/2026;ES-01-02-002;LIMPIEZA;1,5;9;13,5
16/05/2026;ES-01-02-010;LIMPIEZA;2,5;9;22,5
16/05/2026;ES-01-02-012;LIMPIEZA;2;9;18
17/05/2026;ES-01-02-010;LIMPIEZA;3;9;27
17/05/2026;ES-01-02-012;LIMPIEZA;2;9;18
18/05/2026;ES-01-02-001;LIMPIEZA;1,5;9;13,5
18/05/2026;ES-01-02-003;LIMPIEZA;1,5;9;13,5
18/05/2026;ES-01-02-008;LIMPIEZA;2,5;9;22,5
18/05/2026;ES-01-02-015;LIMPIEZA;1,5;9;13,5
19/05/2026;ES-01-02-007;LIMPIEZA;2;9;18
20/05/2026;ES-01-02-010;LIMPIEZA;2,5;9;22,5
20/05/2026;ES-01-02-012;LIMPIEZA;2;9;18
21/05/2026;ES-01-02-010;LIMPIEZA;2,5;9;22,5
22/05/2026;ES-01-02-002;LIMPIEZA;1,5;9;13,5
22/05/2026;ES-01-02-006;LIMPIEZA;3,5;9;31,5
22/05/2026;ES-01-02-007;LIMPIEZA;2;9;18
23/05/2026;ES-01-02-002;LIMPIEZA;1,5;9;13,5
23/05/2026;ES-01-02-010;LIMPIEZA;2,5;9;22,5
23/05/2026;ES-01-02-012;LIMPIEZA;2;9;18
24/05/2026;ES-01-02-010;LIMPIEZA;2,5;9;22,5
24/05/2026;ES-01-02-012;LIMPIEZA;2;9;18
25/05/2026;ES-01-02-002;LIMPIEZA;1,5;9;13,5
25/05/2026;ES-01-02-003;LIMPIEZA;1,5;9;13,5
25/05/2026;ES-01-02-008;LIMPIEZA;2,5;9;22,5
25/05/2026;ES-01-02-015;LIMPIEZA;2;9;18
26/05/2026;ES-01-02-007;LIMPIEZA;2;9;18
26/05/2026;ES-01-02-012;LIMPIEZA;2;9;18
27/05/2026;ES-01-02-002;LIMPIEZA;1,5;9;13,5
27/05/2026;ES-01-02-010;LIMPIEZA;2,5;9;22,5
28/05/2026;ES-01-02-005;LIMPIEZA;2;9;18
29/05/2026;ES-01-02-003;LIMPIEZA;1,5;9;13,5
29/05/2026;ES-01-02-010;LIMPIEZA;2,5;9;22,5
29/05/2026;ES-01-02-006;LIMPIEZA;2,5;9;22,5
29/05/2026;ES-01-02-007;LIMPIEZA;2;9;18
30/05/2026;ES-01-02-001;LIMPIEZA;1,5;9;13,5
30/05/2026;ES-01-02-002;LIMPIEZA;1,5;9;13,5
31/05/2026;ES-01-02-005;LIMPIEZA;2;9;18
31/05/2026;ES-01-02-010;LIMPIEZA;2,5;9;22,5
01/05/2026;ES-01-01-023;LIMPIEZA;4;9;36
01/05/2026;ES-01-01-027;LIMPIEZA;3;9;27
01/05/2026;ES-01-01-028;LIMPIEZA;2;9;18
01/05/2026;ES-01-01-033;LIMPIEZA;2;9;18
01/05/2026;ES-01-01-003;LIMPIEZA;1;9;9
01/05/2026;ES-01-01-045;LIMPIEZA;2;9;18
01/05/2026;ES-01-01-005;LIMPIEZA;2,5;9;22,5
01/05/2026;ES-01-01-026;LIMPIEZA;2,5;9;22,5
01/05/2026;ES-01-01-050;LIMPIEZA;5;9;45
01/05/2026;ES-01-01-000;LIMPIEZA;2;9;18
02/05/2026;ES-01-01-033;LIMPIEZA;1,5;9;13,5
02/05/2026;ES-01-02-009;LIMPIEZA;8,5;9;76,5
04/05/2026;ES-01-01-038;LIMPIEZA;4;9;36
04/05/2026;ES-01-01-015;LIMPIEZA;3,5;9;31,5
04/05/2026;ES-01-01-024;LIMPIEZA;4,5;9;40,5
04/05/2026;ES-01-01-029;LIMPIEZA;4;9;36
04/05/2026;ES-01-01-051;LIMPIEZA;4;9;36
04/05/2026;ES-01-01-008;LIMPIEZA;2;9;18
04/05/2026;ES-01-01-040;LIMPIEZA;2;9;18
04/05/2026;ES-01-01-047;LIMPIEZA;1,5;9;13,5
04/05/2026;ES-01-01-048;LIMPIEZA;2;9;18
04/05/2026;ES-01-01-017;LIMPIEZA;1;9;9
04/05/2026;ES-01-01-004;LIMPIEZA;7,5;9;67,5
04/05/2026;ES-01-01-026;LIMPIEZA;1;9;9
05/05/2026;ES-01-01-011;LIMPIEZA;4,5;9;40,5
05/05/2026;ES-01-01-034;LIMPIEZA;3,5;9;31,5
05/05/2026;ES-01-01-012;LIMPIEZA;3;9;27
05/05/2026;ES-01-01-013;LIMPIEZA;3,5;9;31,5
05/05/2026;ES-01-01-025;LIMPIEZA;3;9;27
05/05/2026;ES-01-01-021;LIMPIEZA;11;9;99
05/05/2026;ES-01-01-036;LIMPIEZA;3,5;9;31,5
05/05/2026;ES-01-01-020;LIMPIEZA;3,5;9;31,5
05/05/2026;ES-01-01-022;LIMPIEZA;3,5;9;31,5
05/05/2026;ES-01-01-054;LIMPIEZA;1,5;9;13,5
05/05/2026;ES-01-01-000;LIMPIEZA;2;9;18
05/05/2026;ES-01-01-004;LIMPIEZA;4,5;9;40,5
06/05/2026;ES-01-01-009;LIMPIEZA;2;9;18
06/05/2026;ES-01-01-019;LIMPIEZA;3;9;27
06/05/2026;ES-01-01-037;LIMPIEZA;3,5;9;31,5
06/05/2026;ES-01-01-002;LIMPIEZA;2,5;9;22,5
06/05/2026;ES-01-01-053;LIMPIEZA;3;9;27
06/05/2026;ES-01-01-052;LIMPIEZA;2,5;9;22,5
06/05/2026;ES-01-01-042;LIMPIEZA;3,5;9;31,5
06/05/2026;ES-01-01-044;LIMPIEZA;2,5;9;22,5
06/05/2026;ES-01-01-043;LIMPIEZA;2,5;9;22,5
06/05/2026;ES-01-01-055;LIMPIEZA;2,5;9;22,5
06/05/2026;ES-01-01-010;LIMPIEZA;1;9;9
06/05/2026;ES-01-01-018;LIMPIEZA;10;9;90
06/05/2026;ES-01-01-035;LIMPIEZA;2;9;18
06/05/2026;ES-01-01-007;LIMPIEZA;2;9;18
06/05/2026;ES-01-01-014;LIMPIEZA;3;9;27
07/05/2026;ES-01-01-021;LIMPIEZA;5;9;45
07/05/2026;ES-01-01-041;LIMPIEZA;4;9;36
07/05/2026;ES-01-01-030;LIMPIEZA;3,5;9;31,5
07/05/2026;ES-01-01-032;LIMPIEZA;3;9;27
07/05/2026;ES-01-02-009;LIMPIEZA;1,5;9;13,5
07/05/2026;ES-01-01-031;LIMPIEZA;3,5;9;31,5
07/05/2026;ES-01-01-049;LIMPIEZA;3,5;9;31,5
07/05/2026;ES-01-01-001;LIMPIEZA;2;9;18
07/05/2026;ES-01-01-016;LIMPIEZA;2;9;18
07/05/2026;ES-01-01-006;LIMPIEZA;2;9;18
07/05/2026;ES-01-01-046;LIMPIEZA;2;9;18
07/05/2026;ES-01-01-039;LIMPIEZA;2;9;18
07/05/2026;ES-01-01-058;LIMPIEZA;2,5;9;22,5
08/05/2026;ES-01-01-023;LIMPIEZA;4;9;36
08/05/2026;ES-01-01-027;LIMPIEZA;3;9;27
08/05/2026;ES-01-01-028;LIMPIEZA;2;9;18
08/05/2026;ES-01-01-033;LIMPIEZA;2;9;18
08/05/2026;ES-01-01-003;LIMPIEZA;1;9;9
08/05/2026;ES-01-01-045;LIMPIEZA;2;9;18
08/05/2026;ES-01-01-005;LIMPIEZA;2,5;9;22,5
08/05/2026;ES-01-01-026;LIMPIEZA;2,5;9;22,5
08/05/2026;ES-01-01-050;LIMPIEZA;3,5;9;31,5
08/05/2026;ES-01-01-000;LIMPIEZA;2;9;18
09/05/2026;ES-01-01-005;LIMPIEZA;16,5;9;148,5
09/05/2026;ES-01-01-028;LIMPIEZA;14;9;126
11/05/2026;ES-01-01-038;LIMPIEZA;4;9;36
11/05/2026;ES-01-01-015;LIMPIEZA;3,5;9;31,5
11/05/2026;ES-01-01-024;LIMPIEZA;4,5;9;40,5
11/05/2026;ES-01-01-029;LIMPIEZA;3;9;27
11/05/2026;ES-01-01-051;LIMPIEZA;4;9;36
11/05/2026;ES-01-01-008;LIMPIEZA;2;9;18
11/05/2026;ES-01-01-040;LIMPIEZA;2;9;18
11/05/2026;ES-01-01-047;LIMPIEZA;1,5;9;13,5
11/05/2026;ES-01-01-048;LIMPIEZA;2;9;18
11/05/2026;ES-01-01-017;LIMPIEZA;1;9;9
12/05/2026;ES-01-01-011;LIMPIEZA;4,5;9;40,5
12/05/2026;ES-01-01-034;LIMPIEZA;3,5;9;31,5
12/05/2026;ES-01-01-012;LIMPIEZA;3;9;27
12/05/2026;ES-01-01-013;LIMPIEZA;3,5;9;31,5
12/05/2026;ES-01-01-025;LIMPIEZA;3;9;27
12/05/2026;ES-01-01-021;LIMPIEZA;11;9;99
12/05/2026;ES-01-01-036;LIMPIEZA;3,5;9;31,5
12/05/2026;ES-01-01-020;LIMPIEZA;3,5;9;31,5
12/05/2026;ES-01-01-022;LIMPIEZA;3,5;9;31,5
12/05/2026;ES-01-01-054;LIMPIEZA;1,5;9;13,5
12/05/2026;ES-01-01-000;LIMPIEZA;2;9;18
13/05/2026;ES-01-01-009;LIMPIEZA;2;9;18
13/05/2026;ES-01-01-019;LIMPIEZA;3;9;27
13/05/2026;ES-01-01-037;LIMPIEZA;3,5;9;31,5
13/05/2026;ES-01-01-002;LIMPIEZA;2,5;9;22,5
13/05/2026;ES-01-01-053;LIMPIEZA;3;9;27
13/05/2026;ES-01-01-052;LIMPIEZA;2,5;9;22,5
13/05/2026;ES-01-01-042;LIMPIEZA;3,5;9;31,5
13/05/2026;ES-01-01-043;LIMPIEZA;2,5;9;22,5
13/05/2026;ES-01-01-043;LIMPIEZA;2,5;9;22,5
13/05/2026;ES-01-01-055;LIMPIEZA;2,5;9;22,5
13/05/2026;ES-01-01-010;LIMPIEZA;1;9;9
13/05/2026;ES-01-01-035;LIMPIEZA;2;9;18
13/05/2026;ES-01-01-007;LIMPIEZA;2;9;18
13/05/2026;ES-01-01-056;LIMPIEZA;11;9;99
14/05/2026;ES-01-01-021;LIMPIEZA;5;9;45
14/05/2026;ES-01-01-041;LIMPIEZA;4;9;36
14/05/2026;ES-01-01-030;LIMPIEZA;3,5;9;31,5
14/05/2026;ES-01-01-032;LIMPIEZA;3;9;27
14/05/2026;ES-01-02-009;LIMPIEZA;1,5;9;13,5
14/05/2026;ES-01-01-031;LIMPIEZA;3,5;9;31,5
14/05/2026;ES-01-01-001;LIMPIEZA;2;9;18
14/05/2026;ES-01-01-014;LIMPIEZA;2,5;9;22,5
14/05/2026;ES-01-01-016;LIMPIEZA;2;9;18
14/05/2026;ES-01-01-006;LIMPIEZA;2;9;18
14/05/2026;ES-01-01-046;LIMPIEZA;2;9;18
14/05/2026;ES-01-01-039;LIMPIEZA;2;9;18
14/05/2026;ES-01-01-058;LIMPIEZA;2;9;18
14/05/2026;ES-01-01-056;LIMPIEZA;10,5;9;94,5
15/05/2026;ES-01-01-023;LIMPIEZA;8;9;72
15/05/2026;ES-01-01-027;LIMPIEZA;3;9;27
15/05/2026;ES-01-01-056;LIMPIEZA;16,5;9;148,5
15/05/2026;ES-01-01-033;LIMPIEZA;2;9;18
15/05/2026;ES-01-01-003;LIMPIEZA;1;9;9
15/05/2026;ES-01-01-045;LIMPIEZA;2;9;18
15/05/2026;ES-01-01-026;LIMPIEZA;2,5;9;22,5
15/05/2026;ES-01-01-008;LIMPIEZA;1;9;9
16/05/2026;ES-01-01-000;LIMPIEZA;2;9;18
16/05/2026;ES-01-01-032;LIMPIEZA;9;9;81
16/05/2026;ES-01-01-002;LIMPIEZA;15;9;135
16/05/2026;ES-01-01-025;LIMPIEZA;17,5;9;157,5
16/05/2026;ES-01-01-008;LIMPIEZA;1;9;9
17/05/2026;ES-01-02-016;LIMPIEZA;8;9;72
17/05/2026;ES-01-01-029;LIMPIEZA;5;9;45
18/05/2026;ES-01-01-038;LIMPIEZA;4;9;36
18/05/2026;ES-01-01-015;LIMPIEZA;3,5;9;31,5
18/05/2026;ES-01-01-024;LIMPIEZA;5;9;45
18/05/2026;ES-01-01-051;LIMPIEZA;4;9;36
18/05/2026;ES-01-01-008;LIMPIEZA;2;9;18
18/05/2026;ES-01-01-040;LIMPIEZA;2;9;18
18/05/2026;ES-01-01-047;LIMPIEZA;1,5;9;13,5
18/05/2026;ES-01-01-048;LIMPIEZA;2;9;18
18/05/2026;ES-01-01-017;LIMPIEZA;1;9;9
18/05/2026;ES-01-01-042;LIMPIEZA;4;9;36
19/05/2026;ES-01-01-011;LIMPIEZA;4,5;9;40,5
19/05/2026;ES-01-01-034;LIMPIEZA;3,5;9;31,5
19/05/2026;ES-01-01-012;LIMPIEZA;3;9;27
19/05/2026;ES-01-01-013;LIMPIEZA;3,5;9;31,5
19/05/2026;ES-01-01-021;LIMPIEZA;11;9;99
19/05/2026;ES-01-01-036;LIMPIEZA;3,5;9;31,5
19/05/2026;ES-01-01-020;LIMPIEZA;3,5;9;31,5
19/05/2026;ES-01-01-022;LIMPIEZA;3,5;9;31,5
19/05/2026;ES-01-01-054;LIMPIEZA;1,5;9;13,5
19/05/2026;ES-01-01-000;LIMPIEZA;2;9;18
20/05/2026;ES-01-01-009;LIMPIEZA;2;9;18
20/05/2026;ES-01-01-019;LIMPIEZA;3;9;27
20/05/2026;ES-01-01-037;LIMPIEZA;3,5;9;31,5
20/05/2026;ES-01-01-053;LIMPIEZA;3;9;27
20/05/2026;ES-01-01-042;LIMPIEZA;3,5;9;31,5
20/05/2026;ES-01-01-044;LIMPIEZA;2,5;9;22,5
20/05/2026;ES-01-01-043;LIMPIEZA;2,5;9;22,5
20/05/2026;ES-01-01-055;LIMPIEZA;2,5;9;22,5
20/05/2026;ES-01-01-010;LIMPIEZA;1;9;9
20/05/2026;ES-01-01-018;LIMPIEZA;1;9;9
20/05/2026;ES-01-01-035;LIMPIEZA;10;9;90
20/05/2026;ES-01-01-007;LIMPIEZA;2;9;18
21/05/2026;ES-01-01-021;LIMPIEZA;5;9;45
21/05/2026;ES-01-01-041;LIMPIEZA;4;9;36
21/05/2026;ES-01-01-030;LIMPIEZA;3,5;9;31,5
21/05/2026;ES-01-02-009;LIMPIEZA;1,5;9;13,5
21/05/2026;ES-01-01-031;LIMPIEZA;5;9;45
21/05/2026;ES-01-01-001;LIMPIEZA;2;9;18
21/05/2026;ES-01-01-014;LIMPIEZA;2,5;9;22,5
21/05/2026;ES-01-01-016;LIMPIEZA;2;9;18
21/05/2026;ES-01-01-006;LIMPIEZA;2;9;18
21/05/2026;ES-01-01-046;LIMPIEZA;2;9;18
21/05/2026;ES-01-01-039;LIMPIEZA;2;9;18
21/05/2026;ES-01-01-058;LIMPIEZA;2;9;18
21/05/2026;ES-01-02-017;LIMPIEZA;18;9;162
22/05/2026;ES-01-01-023;LIMPIEZA;4,5;9;40,5
22/05/2026;ES-01-01-027;LIMPIEZA;3;9;27
22/05/2026;ES-01-01-033;LIMPIEZA;2;9;18
22/05/2026;ES-01-01-003;LIMPIEZA;1;9;9
22/05/2026;ES-01-01-045;LIMPIEZA;2;9;18
22/05/2026;ES-01-01-026;LIMPIEZA;2,5;9;22,5
22/05/2026;ES-01-01-000;LIMPIEZA;2;9;18
24/05/2026;ES-01-01-044;LIMPIEZA;10;9;90
25/05/2026;ES-01-01-038;LIMPIEZA;4;9;36
25/05/2026;ES-01-01-015;LIMPIEZA;3,5;9;31,5
25/05/2026;ES-01-01-024;LIMPIEZA;1;9;9
25/05/2026;ES-01-01-029;LIMPIEZA;3,5;9;31,5
25/05/2026;ES-01-01-051;LIMPIEZA;5;9;45
25/05/2026;ES-01-01-008;LIMPIEZA;2;9;18
25/05/2026;ES-01-01-040;LIMPIEZA;2;9;18
25/05/2026;ES-01-01-047;LIMPIEZA;1,5;9;13,5
25/05/2026;ES-01-01-048;LIMPIEZA;2;9;18
25/05/2026;ES-01-01-017;LIMPIEZA;1;9;9
25/05/2026;ES-01-01-043;LIMPIEZA;6,5;9;58,5
25/05/2026;ES-01-02-016;LIMPIEZA;2;9;18
26/05/2026;ES-01-01-011;LIMPIEZA;2;9;18
26/05/2026;ES-01-01-034;LIMPIEZA;3,5;9;31,5
26/05/2026;ES-01-01-012;LIMPIEZA;11;9;99
26/05/2026;ES-01-01-013;LIMPIEZA;18;9;162
26/05/2026;ES-01-01-025;LIMPIEZA;3;9;27
26/05/2026;ES-01-01-021;LIMPIEZA;11;9;99
26/05/2026;ES-01-01-036;LIMPIEZA;3,5;9;31,5
26/05/2026;ES-01-01-020;LIMPIEZA;18;9;162
26/05/2026;ES-01-01-022;LIMPIEZA;3,5;9;31,5
26/05/2026;ES-01-01-054;LIMPIEZA;1,5;9;13,5
26/05/2026;ES-01-01-000;LIMPIEZA;2;9;18
27/05/2026;ES-01-01-009;LIMPIEZA;8,5;9;76,5
27/05/2026;ES-01-01-019;LIMPIEZA;16;9;144
27/05/2026;ES-01-01-037;LIMPIEZA;3,5;9;31,5
27/05/2026;ES-01-01-002;LIMPIEZA;2,5;9;22,5
27/05/2026;ES-01-01-053;LIMPIEZA;3;9;27
27/05/2026;ES-01-01-042;LIMPIEZA;3,5;9;31,5
27/05/2026;ES-01-01-055;LIMPIEZA;2,5;9;22,5
27/05/2026;ES-01-01-010;LIMPIEZA;1;9;9
27/05/2026;ES-01-01-018;LIMPIEZA;1,5;9;13,5
27/05/2026;ES-01-01-035;LIMPIEZA;2;9;18
27/05/2026;ES-01-01-007;LIMPIEZA;2;9;18
27/05/2026;ES-01-02-017;LIMPIEZA;4,5;9;40,5
28/05/2026;ES-01-01-041;LIMPIEZA;17;9;153
28/05/2026;ES-01-01-030;LIMPIEZA;3,5;9;31,5
28/05/2026;ES-01-02-009;LIMPIEZA;1,5;9;13,5
28/05/2026;ES-01-01-031;LIMPIEZA;1;9;9
28/05/2026;ES-01-01-001;LIMPIEZA;2;9;18
28/05/2026;ES-01-01-014;LIMPIEZA;2,5;9;22,5
28/05/2026;ES-01-01-016;LIMPIEZA;2;9;18
28/05/2026;ES-01-01-006;LIMPIEZA;2;9;18
28/05/2026;ES-01-01-046;LIMPIEZA;2;9;18
28/05/2026;ES-01-01-039;LIMPIEZA;2;9;18
28/05/2026;ES-01-01-058;LIMPIEZA;2;9;18
29/05/2026;ES-01-01-023;LIMPIEZA;5,5;9;49,5
29/05/2026;ES-01-01-027;LIMPIEZA;13;9;117
29/05/2026;ES-01-01-028;LIMPIEZA;2;9;18
29/05/2026;ES-01-01-033;LIMPIEZA;2,5;9;22,5
29/05/2026;ES-01-01-003;LIMPIEZA;1;9;9
29/05/2026;ES-01-01-045;LIMPIEZA;2;9;18
29/05/2026;ES-01-01-005;LIMPIEZA;6;9;54
29/05/2026;ES-01-01-026;LIMPIEZA;3;9;27
29/05/2026;ES-01-01-050;LIMPIEZA;3;9;27
29/05/2026;ES-01-01-053;LIMPIEZA;13,5;9;121,5
30/05/2026;ES-01-01-011;LIMPIEZA;16;9;144
30/05/2026;ES-01-01-020;LIMPIEZA;1;9;9
30/05/2026;ES-01-01-022;LIMPIEZA;33;9;297
30/05/2026;ES-01-01-016;LIMPIEZA;19;9;171
30/05/2026;ES-01-01-006;LIMPIEZA;26;9;234
30/05/2026;ES-01-01-058;LIMPIEZA;1;9;9
30/05/2026;ES-01-02-017;LIMPIEZA;1;9;9
30/05/2026;ES-01-01-056;LIMPIEZA;2,5;9;22,5
30/05/2026;ES-01-01-042;LIMPIEZA;3;9;27
01/05/2026;ES-02-01-019;LIMPIEZA;2;9;18
01/05/2026;ES-02-01-003;LIMPIEZA;2;9;18
01/05/2026;ES-02-01-004;LIMPIEZA;2;9;18
01/05/2026;ES-02-01-005;LIMPIEZA;2,5;9;22,5
01/05/2026;ES-02-01-027;LIMPIEZA;2,5;9;22,5
04/05/2026;ES-02-01-026;LIMPIEZA;2;9;18
04/05/2026;ES-02-01-020;LIMPIEZA;2;9;18
04/05/2026;ES-02-01-009;LIMPIEZA;2;9;18
04/05/2026;ES-02-01-018;LIMPIEZA;2;9;18
04/05/2026;ES-02-01-014;LIMPIEZA;3,5;9;31,5
05/05/2026;ES-02-01-010;LIMPIEZA;1,5;9;13,5
05/05/2026;ES-02-01-011;LIMPIEZA;1,5;9;13,5
05/05/2026;ES-01-01-063;LIMPIEZA;1,5;9;13,5
05/05/2026;ES-02-01-008;LIMPIEZA;2;9;18
05/05/2026;ES-02-01-022;LIMPIEZA;1,5;9;13,5
05/05/2026;ES-02-01-013;LIMPIEZA;1,5;9;13,5
05/05/2026;ES-02-01-012;LIMPIEZA;2;9;18
05/05/2026;ES-02-01-025;LIMPIEZA;2;9;18
06/05/2026;ES-02-01-021;LIMPIEZA;2;9;18
06/05/2026;ES-02-01-017;LIMPIEZA;1,5;9;13,5
06/05/2026;ES-02-01-002;LIMPIEZA;1,5;9;13,5
06/05/2026;ES-02-01-006;LIMPIEZA;2;9;18
07/05/2026;ES-01-02-024;LIMPIEZA;2;9;18
07/05/2026;ES-02-01-015;LIMPIEZA;2;9;18
07/05/2026;ES-02-01-016;LIMPIEZA;1,5;9;13,5
08/05/2026;ES-02-01-019;LIMPIEZA;2;9;18
08/05/2026;ES-02-01-003;LIMPIEZA;2;9;18
08/05/2026;ES-02-01-004;LIMPIEZA;2;9;18
08/05/2026;ES-02-01-005;LIMPIEZA;2,5;9;22,5
08/05/2026;ES-02-01-001;LIMPIEZA;2,5;9;22,5
08/05/2026;ES-02-01-027;LIMPIEZA;2;9;18
11/05/2026;ES-02-01-026;LIMPIEZA;2;9;18
11/05/2026;ES-02-01-020;LIMPIEZA;2,5;9;22,5
11/05/2026;ES-02-01-018;LIMPIEZA;2;9;18
11/05/2026;ES-02-01-014;LIMPIEZA;2;9;18
11/05/2026;ES-02-01-009;LIMPIEZA;0,5;9;4,5
12/05/2026;ES-02-01-010;LIMPIEZA;1,5;9;13,5
12/05/2026;ES-02-01-011;LIMPIEZA;1,5;9;13,5
12/05/2026;ES-01-01-063;LIMPIEZA;1,5;9;13,5
12/05/2026;ES-02-01-008;LIMPIEZA;2;9;18
12/05/2026;ES-02-01-022;LIMPIEZA;1,5;9;13,5
12/05/2026;ES-02-01-013;LIMPIEZA;2;9;18
12/05/2026;ES-02-01-012;LIMPIEZA;2;9;18
12/05/2026;ES-02-01-025;LIMPIEZA;2;9;18
13/05/2026;ES-02-01-021;LIMPIEZA;2;9;18
13/05/2026;ES-02-01-017;LIMPIEZA;1,5;9;13,5
13/05/2026;ES-01-01-057;LIMPIEZA;6,5;9;58,5
13/05/2026;ES-02-01-002;LIMPIEZA;1,5;9;13,5
13/05/2026;ES-02-01-006;LIMPIEZA;2;9;18
14/05/2026;ES-01-02-024;LIMPIEZA;2;9;18
14/05/2026;ES-02-01-015;LIMPIEZA;2;9;18
14/05/2026;ES-02-01-016;LIMPIEZA;1,5;9;13,5
14/05/2026;ES-01-01-057;LIMPIEZA;14,5;9;130,5
15/05/2026;ES-02-01-019;LIMPIEZA;2;9;18
15/05/2026;ES-02-01-003;LIMPIEZA;2;9;18
15/05/2026;ES-02-01-004;LIMPIEZA;2;9;18
15/05/2026;ES-02-01-005;LIMPIEZA;2,5;9;22,5
15/05/2026;ES-02-01-027;LIMPIEZA;2,5;9;22,5
15/05/2026;ES-01-01-057;LIMPIEZA;12;9;108
15/05/2026;ES-02-01-001;LIMPIEZA;2,5;9;22,5
16/05/2026;ES-01-01-057;LIMPIEZA;7;9;63
18/05/2026;ES-02-01-026;LIMPIEZA;2;9;18
18/05/2026;ES-02-01-020;LIMPIEZA;2,5;9;22,5
18/05/2026;ES-02-01-018;LIMPIEZA;2;9;18
18/05/2026;ES-02-01-014;LIMPIEZA;2;9;18
19/05/2026;ES-02-01-010;LIMPIEZA;2;9;18
19/05/2026;ES-02-01-011;LIMPIEZA;2,5;9;22,5
19/05/2026;ES-01-01-063;LIMPIEZA;1,5;9;13,5
19/05/2026;ES-02-01-008;LIMPIEZA;2;9;18
19/05/2026;ES-02-01-022;LIMPIEZA;1,5;9;13,5
19/05/2026;ES-02-01-013;LIMPIEZA;2;9;18
19/05/2026;ES-02-01-012;LIMPIEZA;2;9;18
19/05/2026;ES-02-01-025;LIMPIEZA;0,5;9;4,5
20/05/2026;ES-02-01-021;LIMPIEZA;2;9;18
20/05/2026;ES-02-01-017;LIMPIEZA;1,5;9;13,5
20/05/2026;ES-02-01-002;LIMPIEZA;2;9;18
20/05/2026;ES-02-01-006;LIMPIEZA;2;9;18
21/05/2026;ES-01-02-024;LIMPIEZA;2;9;18
21/05/2026;ES-02-01-015;LIMPIEZA;2;9;18
21/05/2026;ES-02-01-016;LIMPIEZA;1,5;9;13,5
22/05/2026;ES-02-01-019;LIMPIEZA;2;9;18
22/05/2026;ES-02-01-003;LIMPIEZA;2;9;18
22/05/2026;ES-02-01-004;LIMPIEZA;2;9;18
22/05/2026;ES-02-01-005;LIMPIEZA;2,5;9;22,5
22/05/2026;ES-02-01-027;LIMPIEZA;2;9;18
22/05/2026;ES-01-01-057;LIMPIEZA;2;9;18
22/05/2026;ES-02-01-001;LIMPIEZA;2,5;9;22,5
25/05/2026;ES-02-01-026;LIMPIEZA;0,5;9;4,5
25/05/2026;ES-02-01-020;LIMPIEZA;2,5;9;22,5
25/05/2026;ES-02-01-018;LIMPIEZA;0,5;9;4,5
25/05/2026;ES-02-01-014;LIMPIEZA;2;9;18
26/05/2026;ES-02-01-010;LIMPIEZA;1,5;9;13,5
26/05/2026;ES-02-01-011;LIMPIEZA;1,5;9;13,5
26/05/2026;ES-01-01-063;LIMPIEZA;1,5;9;13,5
26/05/2026;ES-02-01-008;LIMPIEZA;2,5;9;22,5
26/05/2026;ES-02-01-022;LIMPIEZA;1,5;9;13,5
26/05/2026;ES-02-01-013;LIMPIEZA;2;9;18
26/05/2026;ES-02-01-012;LIMPIEZA;2;9;18
27/05/2026;ES-02-01-021;LIMPIEZA;2;9;18
27/05/2026;ES-02-01-017;LIMPIEZA;2;9;18
27/05/2026;ES-02-01-002;LIMPIEZA;2;9;18
27/05/2026;ES-02-01-006;LIMPIEZA;2;9;18
28/05/2026;ES-01-02-024;LIMPIEZA;2;9;18
28/05/2026;ES-02-01-015;LIMPIEZA;2;9;18
28/05/2026;ES-02-01-016;LIMPIEZA;1,5;9;13,5
29/05/2026;ES-02-01-019;LIMPIEZA;2;9;18
29/05/2026;ES-02-01-003;LIMPIEZA;2;9;18
29/05/2026;ES-02-01-004;LIMPIEZA;2;9;18
29/05/2026;ES-02-01-005;LIMPIEZA;2,5;9;22,5
29/05/2026;ES-02-01-001;LIMPIEZA;2;9;18
29/05/2026;ES-02-01-027;LIMPIEZA;2;9;18
29/05/2026;ES-02-01-009;LIMPIEZA;29,5;9;265,5
01/06/2026;ES-01-01-015;LIMPIEZA;19;9;171
01/06/2026;ES-01-01-029;LIMPIEZA;3,5;9;31,5
01/06/2026;ES-01-01-008;LIMPIEZA;2;9;18
01/06/2026;ES-01-01-040;LIMPIEZA;2;9;18
01/06/2026;ES-01-01-047;LIMPIEZA;1,5;9;13,5
01/06/2026;ES-01-01-048;LIMPIEZA;2;9;18
01/06/2026;ES-01-01-017;LIMPIEZA;1,5;9;13,5
01/06/2026;ES-01-01-004;LIMPIEZA;2;9;18
01/06/2026;ES-01-01-034;LIMPIEZA;11;9;99
01/06/2026;ES-01-01-044;LIMPIEZA;6;9;54
01/06/2026;ES-01-01-007;LIMPIEZA;17;9;153
01/06/2026;ES-01-01-046;LIMPIEZA;10;9;90
01/06/2026;ES-01-01-023;LIMPIEZA;4;9;36
01/06/2026;ES-01-02-016;LIMPIEZA;2;9;18
02/06/2026;ES-01-01-038;LIMPIEZA;11,5;9;103,5
02/06/2026;ES-01-01-034;LIMPIEZA;2,5;9;22,5
02/06/2026;ES-01-01-012;LIMPIEZA;1,5;9;13,5
02/06/2026;ES-01-01-013;LIMPIEZA;10;9;90
02/06/2026;ES-01-01-025;LIMPIEZA;3;9;27
02/06/2026;ES-01-01-020;LIMPIEZA;2;9;18
02/06/2026;ES-01-01-054;LIMPIEZA;1,5;9;13,5
02/06/2026;ES-01-01-037;LIMPIEZA;14;9;126
02/06/2026;ES-01-01-030;LIMPIEZA;12,5;9;112,5
02/06/2026;ES-01-01-031;LIMPIEZA;18;9;162
02/06/2026;ES-01-01-027;LIMPIEZA;5,5;9;49,5
02/06/2026;ES-01-01-026;LIMPIEZA;3,5;9;31,5
03/06/2026;ES-01-01-009;LIMPIEZA;2;9;18
03/06/2026;ES-01-01-002;LIMPIEZA;3,5;9;31,5
03/06/2026;ES-01-01-053;LIMPIEZA;2,5;9;22,5
03/06/2026;ES-01-01-052;LIMPIEZA;2,5;9;22,5
03/06/2026;ES-01-01-042;LIMPIEZA;2,5;9;22,5
03/06/2026;ES-01-01-055;LIMPIEZA;2,5;9;22,5
03/06/2026;ES-01-01-056;LIMPIEZA;2;9;18
03/06/2026;ES-01-01-010;LIMPIEZA;1;9;9
03/06/2026;ES-01-01-018;LIMPIEZA;1,5;9;13,5
03/06/2026;ES-01-01-035;LIMPIEZA;1,5;9;13,5
03/06/2026;ES-01-01-007;LIMPIEZA;2;9;18
03/06/2026;ES-01-01-049;LIMPIEZA;2;9;18
04/06/2026;ES-01-01-024;LIMPIEZA;10;9;90
04/06/2026;ES-01-01-032;LIMPIEZA;3,5;9;31,5
04/06/2026;ES-01-02-009;LIMPIEZA;3;9;27
04/06/2026;ES-01-01-031;LIMPIEZA;2,5;9;22,5
04/06/2026;ES-01-01-001;LIMPIEZA;2;9;18
04/06/2026;ES-01-01-014;LIMPIEZA;2,5;9;22,5
04/06/2026;ES-01-01-016;LIMPIEZA;2;9;18
04/06/2026;ES-01-01-006;LIMPIEZA;2;9;18
04/06/2026;ES-01-01-046;LIMPIEZA;2;9;18
04/06/2026;ES-01-01-039;LIMPIEZA;2;9;18
04/06/2026;ES-01-01-058;LIMPIEZA;2;9;18
04/06/2026;ES-01-01-000;LIMPIEZA;2;9;18
04/06/2026;ES-01-02-016;LIMPIEZA;2;9;18
05/06/2026;ES-01-01-056;LIMPIEZA;3;9;27
05/06/2026;ES-01-01-058;LIMPIEZA;5;9;45
05/06/2026;ES-01-01-028;LIMPIEZA;2;9;18
05/06/2026;ES-01-01-033;LIMPIEZA;2;9;18
05/06/2026;ES-01-01-003;LIMPIEZA;1;9;9
05/06/2026;ES-01-01-045;LIMPIEZA;2;9;18
05/06/2026;ES-01-01-005;LIMPIEZA;2;9;18
05/06/2026;ES-01-01-026;LIMPIEZA;2,5;9;22,5
05/06/2026;ES-01-01-050;LIMPIEZA;1,5;9;13,5
05/06/2026;ES-01-01-000;LIMPIEZA;2;9;18
05/06/2026;ES-01-02-016;LIMPIEZA;2;9;18
06/06/2026;ES-01-01-024;LIMPIEZA;1;9;9
06/06/2026;ES-01-01-012;LIMPIEZA;2,5;9;22,5
06/06/2026;ES-01-01-042;LIMPIEZA;2;9;18
06/06/2026;ES-01-01-049;LIMPIEZA;5;9;45
06/06/2026;ES-01-01-000;LIMPIEZA;1;9;9
07/06/2026;ES-01-01-012;LIMPIEZA;4;9;36
08/06/2026;ES-01-01-015;LIMPIEZA;2,5;9;22,5
08/06/2026;ES-01-01-029;LIMPIEZA;3,5;9;31,5
08/06/2026;ES-01-01-008;LIMPIEZA;2;9;18
08/06/2026;ES-01-01-040;LIMPIEZA;2;9;18
08/06/2026;ES-01-01-047;LIMPIEZA;1,5;9;13,5
08/06/2026;ES-01-01-048;LIMPIEZA;2;9;18
08/06/2026;ES-01-01-017;LIMPIEZA;1,5;9;13,5
08/06/2026;ES-01-01-004;LIMPIEZA;2;9;18
08/06/2026;ES-01-01-053;LIMPIEZA;3,5;9;31,5
08/06/2026;ES-01-02-009;LIMPIEZA;2;9;18
09/06/2026;ES-01-01-034;LIMPIEZA;2,5;9;22,5
09/06/2026;ES-01-01-013;LIMPIEZA;2,5;9;22,5
09/06/2026;ES-01-01-025;LIMPIEZA;3;9;27
09/06/2026;ES-01-01-020;LIMPIEZA;2,5;9;22,5
09/06/2026;ES-01-01-022;LIMPIEZA;3,5;9;31,5
09/06/2026;ES-01-01-054;LIMPIEZA;1,5;9;13,5
09/06/2026;ES-01-01-049;LIMPIEZA;5,5;9;49,5
09/06/2026;ES-01-01-000;LIMPIEZA;2;9;18
09/06/2026;ES-01-02-017;LIMPIEZA;2;9;18
10/06/2026;ES-01-01-022;LIMPIEZA;1;9;9
10/06/2026;ES-01-01-009;LIMPIEZA;2;9;18
10/06/2026;ES-01-01-019;LIMPIEZA;1,5;9;13,5
10/06/2026;ES-01-01-037;LIMPIEZA;2,5;9;22,5
10/06/2026;ES-01-01-002;LIMPIEZA;2;9;18
10/06/2026;ES-01-01-052;LIMPIEZA;1;9;9
10/06/2026;ES-01-01-042;LIMPIEZA;3,5;9;31,5
10/06/2026;ES-01-01-055;LIMPIEZA;2,5;9;22,5
10/06/2026;ES-01-01-010;LIMPIEZA;1;9;9
10/06/2026;ES-01-01-018;LIMPIEZA;1,5;9;13,5
10/06/2026;ES-01-01-035;LIMPIEZA;1,5;9;13,5
10/06/2026;ES-01-01-007;LIMPIEZA;2;9;18
11/06/2026;ES-01-01-053;LIMPIEZA;3;9;27
11/06/2026;ES-01-01-030;LIMPIEZA;3,5;9;31,5
11/06/2026;ES-01-01-032;LIMPIEZA;3,5;9;31,5
11/06/2026;ES-01-01-031;LIMPIEZA;2,5;9;22,5
11/06/2026;ES-01-01-001;LIMPIEZA;2;9;18
11/06/2026;ES-01-01-014;LIMPIEZA;2,5;9;22,5
11/06/2026;ES-01-01-016;LIMPIEZA;2;9;18
11/06/2026;ES-01-01-006;LIMPIEZA;2;9;18
11/06/2026;ES-01-01-046;LIMPIEZA;2;9;18
11/06/2026;ES-01-01-039;LIMPIEZA;2,5;9;22,5
12/06/2026;ES-01-01-049;LIMPIEZA;3;9;27
12/06/2026;ES-01-01-001;LIMPIEZA;2;9;18
12/06/2026;ES-01-01-023;LIMPIEZA;4;9;36
12/06/2026;ES-01-01-028;LIMPIEZA;9;9;81
12/06/2026;ES-01-01-033;LIMPIEZA;2;9;18
12/06/2026;ES-01-01-003;LIMPIEZA;1;9;9
12/06/2026;ES-01-01-045;LIMPIEZA;2;9;18
12/06/2026;ES-01-01-005;LIMPIEZA;2;9;18
12/06/2026;ES-01-01-026;LIMPIEZA;2,5;9;22,5
12/06/2026;ES-01-01-050;LIMPIEZA;1,5;9;13,5
12/06/2026;ES-01-01-000;LIMPIEZA;2;9;18
14/06/2026;ES-01-01-038;LIMPIEZA;1;9;9
15/06/2026;ES-01-01-015;LIMPIEZA;2,5;9;22,5
15/06/2026;ES-01-01-029;LIMPIEZA;3,5;9;31,5
15/06/2026;ES-01-01-008;LIMPIEZA;2;9;18
15/06/2026;ES-01-01-040;LIMPIEZA;2;9;18
15/06/2026;ES-01-01-047;LIMPIEZA;1,5;9;13,5
15/06/2026;ES-01-01-048;LIMPIEZA;2;9;18
15/06/2026;ES-01-01-017;LIMPIEZA;1,5;9;13,5
15/06/2026;ES-01-01-004;LIMPIEZA;2;9;18
15/06/2026;ES-01-01-053;LIMPIEZA;3,5;9;31,5
15/06/2026;ES-01-01-052;LIMPIEZA;2;9;18
15/06/2026;ES-01-01-049;LIMPIEZA;4;9;36
16/06/2026;ES-01-01-024;LIMPIEZA;12,5;9;112,5
16/06/2026;ES-01-01-047;LIMPIEZA;3;9;27
16/06/2026;ES-01-01-034;LIMPIEZA;2,5;9;22,5
16/06/2026;ES-01-01-013;LIMPIEZA;2,5;9;22,5
16/06/2026;ES-01-01-025;LIMPIEZA;3,5;9;31,5
16/06/2026;ES-01-01-036;LIMPIEZA;4;9;36
16/06/2026;ES-01-01-020;LIMPIEZA;2;9;18
16/06/2026;ES-01-01-022;LIMPIEZA;3,5;9;31,5
16/06/2026;ES-01-01-054;LIMPIEZA;1,5;9;13,5
16/06/2026;ES-01-01-000;LIMPIEZA;2;9;18
16/06/2026;ES-01-02-017;LIMPIEZA;2;9;18
17/06/2026;ES-01-01-021;LIMPIEZA;35;9;315
17/06/2026;ES-01-01-009;LIMPIEZA;2;9;18
17/06/2026;ES-01-01-019;LIMPIEZA;2;9;18
17/06/2026;ES-01-01-037;LIMPIEZA;2,5;9;22,5
17/06/2026;ES-01-01-002;LIMPIEZA;2;9;18
17/06/2026;ES-01-01-042;LIMPIEZA;3,5;9;31,5
17/06/2026;ES-01-01-055;LIMPIEZA;3;9;27
17/06/2026;ES-01-01-056;LIMPIEZA;2;9;18
17/06/2026;ES-01-01-010;LIMPIEZA;1;9;9
17/06/2026;ES-01-01-018;LIMPIEZA;1,5;9;13,5
17/06/2026;ES-01-01-035;LIMPIEZA;2;9;18
17/06/2026;ES-01-01-007;LIMPIEZA;2;9;18
18/06/2026;ES-01-01-030;LIMPIEZA;3,5;9;31,5
18/06/2026;ES-01-01-032;LIMPIEZA;3,5;9;31,5
18/06/2026;ES-01-01-031;LIMPIEZA;2,5;9;22,5
18/06/2026;ES-01-01-001;LIMPIEZA;2;9;18
18/06/2026;ES-01-01-014;LIMPIEZA;2,5;9;22,5
18/06/2026;ES-01-01-016;LIMPIEZA;2;9;18
18/06/2026;ES-01-01-006;LIMPIEZA;2;9;18
18/06/2026;ES-01-01-046;LIMPIEZA;2;9;18
18/06/2026;ES-01-01-039;LIMPIEZA;7;9;63
19/06/2026;ES-01-01-049;LIMPIEZA;3;9;27
19/06/2026;ES-01-01-033;LIMPIEZA;2;9;18
19/06/2026;ES-01-01-003;LIMPIEZA;1;9;9
19/06/2026;ES-01-01-045;LIMPIEZA;2;9;18
19/06/2026;ES-01-01-005;LIMPIEZA;2;9;18
19/06/2026;ES-01-01-026;LIMPIEZA;2,5;9;22,5
19/06/2026;ES-01-01-050;LIMPIEZA;7,5;9;67,5
19/06/2026;ES-01-01-000;LIMPIEZA;3;9;27
20/06/2026;ES-01-01-005;LIMPIEZA;7,5;9;67,5
21/06/2026;ES-01-01-012;LIMPIEZA;5,5;9;49,5
21/06/2026;ES-01-01-023;LIMPIEZA;7,5;9;67,5
22/06/2026;ES-01-01-015;LIMPIEZA;3;9;27
22/06/2026;ES-01-01-029;LIMPIEZA;3,5;9;31,5
22/06/2026;ES-01-01-008;LIMPIEZA;3;9;27
22/06/2026;ES-01-01-040;LIMPIEZA;2;9;18
22/06/2026;ES-01-01-047;LIMPIEZA;1,5;9;13,5
22/06/2026;ES-01-01-048;LIMPIEZA;2;9;18
22/06/2026;ES-01-01-017;LIMPIEZA;2;9;18
22/06/2026;ES-01-01-004;LIMPIEZA;2;9;18
22/06/2026;ES-01-01-019;LIMPIEZA;5;9;45
22/06/2026;ES-01-01-043;LIMPIEZA;2,5;9;22,5
22/06/2026;ES-01-01-007;LIMPIEZA;1;9;9
23/06/2026;ES-01-01-008;LIMPIEZA;2,5;9;22,5
23/06/2026;ES-01-01-004;LIMPIEZA;5,5;9;49,5
23/06/2026;ES-01-01-034;LIMPIEZA;2,5;9;22,5
23/06/2026;ES-01-01-013;LIMPIEZA;2,5;9;22,5
23/06/2026;ES-01-01-025;LIMPIEZA;3;9;27
23/06/2026;ES-01-01-021;LIMPIEZA;3;9;27
23/06/2026;ES-01-01-020;LIMPIEZA;2;9;18
23/06/2026;ES-01-01-022;LIMPIEZA;3,5;9;31,5
23/06/2026;ES-01-01-054;LIMPIEZA;1,5;9;13,5
23/06/2026;ES-01-01-000;LIMPIEZA;2;9;18
23/06/2026;ES-01-02-017;LIMPIEZA;2;9;18
23/06/2026;ES-01-01-058;LIMPIEZA;1;9;9
24/06/2026;ES-01-01-017;LIMPIEZA;4;9;36
24/06/2026;ES-01-01-009;LIMPIEZA;2;9;18
24/06/2026;ES-01-01-019;LIMPIEZA;2;9;18
24/06/2026;ES-01-01-037;LIMPIEZA;2;9;18
24/06/2026;ES-01-01-002;LIMPIEZA;2;9;18
24/06/2026;ES-01-01-042;LIMPIEZA;3,5;9;31,5
24/06/2026;ES-01-01-055;LIMPIEZA;2,5;9;22,5
24/06/2026;ES-01-01-056;LIMPIEZA;7;9;63
24/06/2026;ES-01-01-010;LIMPIEZA;1;9;9
24/06/2026;ES-01-01-018;LIMPIEZA;1,5;9;13,5
24/06/2026;ES-01-01-035;LIMPIEZA;2;9;18
24/06/2026;ES-01-01-007;LIMPIEZA;2;9;18
24/06/2026;ES-01-02-009;LIMPIEZA;3;9;27
25/06/2026;ES-01-01-024;LIMPIEZA;4,5;9;40,5
25/06/2026;ES-01-01-008;LIMPIEZA;3;9;27
25/06/2026;ES-01-01-030;LIMPIEZA;3,5;9;31,5
25/06/2026;ES-01-01-031;LIMPIEZA;2,5;9;22,5
25/06/2026;ES-01-01-001;LIMPIEZA;2;9;18
25/06/2026;ES-01-01-014;LIMPIEZA;2,5;9;22,5
25/06/2026;ES-01-01-016;LIMPIEZA;2;9;18
25/06/2026;ES-01-01-006;LIMPIEZA;2;9;18
25/06/2026;ES-01-01-046;LIMPIEZA;2;9;18
25/06/2026;ES-01-01-039;LIMPIEZA;2;9;18
26/06/2026;ES-01-01-051;LIMPIEZA;3;9;27
26/06/2026;ES-01-01-020;LIMPIEZA;1;9;9
26/06/2026;ES-01-01-007;LIMPIEZA;1;9;9
26/06/2026;ES-01-01-028;LIMPIEZA;2;9;18
26/06/2026;ES-01-01-033;LIMPIEZA;2,5;9;22,5
26/06/2026;ES-01-01-003;LIMPIEZA;1;9;9
26/06/2026;ES-01-01-045;LIMPIEZA;2;9;18
26/06/2026;ES-01-01-026;LIMPIEZA;2,5;9;22,5
26/06/2026;ES-01-01-050;LIMPIEZA;1,5;9;13,5
26/06/2026;ES-01-01-000;LIMPIEZA;2;9;18
27/06/2026;ES-01-01-012;LIMPIEZA;5,5;9;49,5
27/06/2026;ES-01-01-025;LIMPIEZA;1,5;9;13,5
27/06/2026;ES-01-01-022;LIMPIEZA;5,5;9;49,5
27/06/2026;ES-01-01-009;LIMPIEZA;3;9;27
27/06/2026;ES-01-01-002;LIMPIEZA;2,5;9;22,5
27/06/2026;ES-01-01-032;LIMPIEZA;6,5;9;58,5
28/06/2026;ES-01-01-006;LIMPIEZA;1;9;9
28/06/2026;ES-01-01-058;LIMPIEZA;4;9;36
29/06/2026;ES-01-01-015;LIMPIEZA;3;9;27
29/06/2026;ES-01-01-029;LIMPIEZA;3,5;9;31,5
29/06/2026;ES-01-01-008;LIMPIEZA;2;9;18
29/06/2026;ES-01-01-040;LIMPIEZA;2;9;18
29/06/2026;ES-01-01-047;LIMPIEZA;1,5;9;13,5
29/06/2026;ES-01-01-048;LIMPIEZA;2;9;18
29/06/2026;ES-01-01-017;LIMPIEZA;1,5;9;13,5
29/06/2026;ES-01-01-036;LIMPIEZA;6;9;54
29/06/2026;ES-01-01-002;LIMPIEZA;1;9;9
30/06/2026;ES-01-01-024;LIMPIEZA;3,5;9;31,5
30/06/2026;ES-01-01-040;LIMPIEZA;4;9;36
30/06/2026;ES-01-01-011;LIMPIEZA;2,5;9;22,5
30/06/2026;ES-01-01-034;LIMPIEZA;2,5;9;22,5
30/06/2026;ES-01-01-013;LIMPIEZA;2,5;9;22,5
30/06/2026;ES-01-01-025;LIMPIEZA;3,5;9;31,5
30/06/2026;ES-01-01-021;LIMPIEZA;3;9;27
30/06/2026;ES-01-01-020;LIMPIEZA;2;9;18
30/06/2026;ES-01-01-022;LIMPIEZA;3,5;9;31,5
30/06/2026;ES-01-01-054;LIMPIEZA;2,5;9;22,5
30/06/2026;ES-01-01-031;LIMPIEZA;3;9;27
30/06/2026;ES-01-01-001;LIMPIEZA;1,5;9;13,5
30/06/2026;ES-01-01-003;LIMPIEZA;2;9;18
30/06/2026;ES-01-01-000;LIMPIEZA;2;9;18
30/06/2026;ES-01-02-017;LIMPIEZA;2;9;18
01/06/2026;ES-02-01-020;LIMPIEZA;2,5;9;22,5
01/06/2026;ES-02-01-014;LIMPIEZA;2;9;18
02/06/2026;ES-02-01-010;LIMPIEZA;2;9;18
02/06/2026;ES-02-01-011;LIMPIEZA;1,5;9;13,5
02/06/2026;ES-01-01-063;LIMPIEZA;2;9;18
02/06/2026;ES-02-01-008;LIMPIEZA;2,5;9;22,5
02/06/2026;ES-02-01-013;LIMPIEZA;2;9;18
03/06/2026;ES-02-01-021;LIMPIEZA;2,5;9;22,5
03/06/2026;ES-02-01-017;LIMPIEZA;2,5;9;22,5
03/06/2026;ES-02-01-002;LIMPIEZA;2;9;18
04/06/2026;ES-02-01-018;LIMPIEZA;14;9;126
04/06/2026;ES-02-01-022;LIMPIEZA;2,5;9;22,5
04/06/2026;ES-02-01-012;LIMPIEZA;2;9;18
04/06/2026;ES-02-01-006;LIMPIEZA;2;9;18
04/06/2026;ES-02-01-024;LIMPIEZA;2;9;18
04/06/2026;ES-02-01-015;LIMPIEZA;1,5;9;13,5
04/06/2026;ES-02-01-016;LIMPIEZA;2;9;18
05/06/2026;ES-02-01-026;LIMPIEZA;10;9;90
05/06/2026;ES-02-01-018;LIMPIEZA;4,5;9;40,5
05/06/2026;ES-02-01-019;LIMPIEZA;1,5;9;13,5
05/06/2026;ES-02-01-004;LIMPIEZA;2;9;18
05/06/2026;ES-02-01-005;LIMPIEZA;2,5;9;22,5
05/06/2026;ES-02-01-001;LIMPIEZA;2;9;18
05/06/2026;ES-02-01-003;LIMPIEZA;2;9;18
05/06/2026;ES-02-01-027;LIMPIEZA;2;9;18
08/06/2026;ES-02-01-026;LIMPIEZA;2;9;18
08/06/2026;ES-02-01-020;LIMPIEZA;2,5;9;22,5
08/06/2026;ES-02-01-014;LIMPIEZA;2;9;18
08/06/2026;ES-01-01-057;LIMPIEZA;8;9;72
08/06/2026;ES-01-02-024;LIMPIEZA;9;9;81
09/06/2026;ES-02-01-011;LIMPIEZA;1,5;9;13,5
09/06/2026;ES-01-01-063;LIMPIEZA;2;9;18
09/06/2026;ES-02-01-008;LIMPIEZA;2,5;9;22,5
09/06/2026;ES-02-01-022;LIMPIEZA;2,5;9;22,5
09/06/2026;ES-02-01-013;LIMPIEZA;2;9;18
09/06/2026;ES-02-01-012;LIMPIEZA;3;9;27
09/06/2026;ES-02-01-024;LIMPIEZA;4,5;9;40,5
09/06/2026;ES-01-02-024;LIMPIEZA;3;9;27
10/06/2026;ES-02-01-026;LIMPIEZA;10;9;90
10/06/2026;ES-02-01-018;LIMPIEZA;9;9;81
10/06/2026;ES-02-01-021;LIMPIEZA;2,5;9;22,5
10/06/2026;ES-02-01-017;LIMPIEZA;2,5;9;22,5
10/06/2026;ES-02-01-002;LIMPIEZA;2;9;18
10/06/2026;ES-02-01-006;LIMPIEZA;2;9;18
10/06/2026;ES-01-02-024;LIMPIEZA;2,5;9;22,5
11/06/2026;ES-02-01-024;LIMPIEZA;2;9;18
11/06/2026;ES-02-01-016;LIMPIEZA;2;9;18
12/06/2026;ES-02-01-019;LIMPIEZA;2,5;9;22,5
12/06/2026;ES-02-01-004;LIMPIEZA;3;9;27
12/06/2026;ES-02-01-005;LIMPIEZA;2,5;9;22,5
12/06/2026;ES-02-01-001;LIMPIEZA;2;9;18
12/06/2026;ES-02-01-003;LIMPIEZA;2;9;18
12/06/2026;ES-02-01-027;LIMPIEZA;3;9;27
14/06/2026;ES-01-01-057;LIMPIEZA;5,5;9;49,5
15/06/2026;ES-02-01-026;LIMPIEZA;2;9;18
15/06/2026;ES-02-01-020;LIMPIEZA;2,5;9;22,5
15/06/2026;ES-02-01-009;LIMPIEZA;2;9;18
15/06/2026;ES-02-01-018;LIMPIEZA;2;9;18
15/06/2026;ES-02-01-014;LIMPIEZA;2;9;18
16/06/2026;ES-02-01-010;LIMPIEZA;9,5;9;85,5
16/06/2026;ES-02-01-011;LIMPIEZA;1,5;9;13,5
16/06/2026;ES-01-01-063;LIMPIEZA;2;9;18
16/06/2026;ES-02-01-008;LIMPIEZA;2,5;9;22,5
16/06/2026;ES-02-01-022;LIMPIEZA;2,5;9;22,5
16/06/2026;ES-02-01-013;LIMPIEZA;2;9;18
16/06/2026;ES-02-01-012;LIMPIEZA;2;9;18
17/06/2026;ES-02-01-021;LIMPIEZA;2,5;9;22,5
17/06/2026;ES-02-01-017;LIMPIEZA;2;9;18
17/06/2026;ES-02-01-002;LIMPIEZA;2;9;18
17/06/2026;ES-02-01-006;LIMPIEZA;2;9;18
18/06/2026;ES-02-01-024;LIMPIEZA;2;9;18
18/06/2026;ES-02-01-015;LIMPIEZA;1,5;9;13,5
19/06/2026;ES-02-01-019;LIMPIEZA;2,5;9;22,5
19/06/2026;ES-02-01-004;LIMPIEZA;2;9;18
19/06/2026;ES-02-01-005;LIMPIEZA;2,5;9;22,5
19/06/2026;ES-02-01-001;LIMPIEZA;2;9;18
19/06/2026;ES-02-01-003;LIMPIEZA;2;9;18
19/06/2026;ES-02-01-027;LIMPIEZA;2;9;18
20/06/2026;ES-01-01-057;LIMPIEZA;5,5;9;49,5
22/06/2026;ES-02-01-026;LIMPIEZA;2;9;18
22/06/2026;ES-02-01-020;LIMPIEZA;2;9;18
22/06/2026;ES-02-01-018;LIMPIEZA;2;9;18
22/06/2026;ES-02-01-014;LIMPIEZA;2;9;18
23/06/2026;ES-02-01-011;LIMPIEZA;1,5;9;13,5
23/06/2026;ES-01-01-063;LIMPIEZA;2;9;18
23/06/2026;ES-02-01-008;LIMPIEZA;2,5;9;22,5
23/06/2026;ES-02-01-022;LIMPIEZA;2,5;9;22,5
23/06/2026;ES-02-01-013;LIMPIEZA;2;9;18
23/06/2026;ES-02-01-012;LIMPIEZA;2;9;18
24/06/2026;ES-02-01-021;LIMPIEZA;2,5;9;22,5
24/06/2026;ES-02-01-017;LIMPIEZA;2;9;18
24/06/2026;ES-02-01-002;LIMPIEZA;2;9;18
24/06/2026;ES-02-01-006;LIMPIEZA;2;9;18
25/06/2026;ES-02-01-010;LIMPIEZA;8;9;72
25/06/2026;ES-02-01-015;LIMPIEZA;1,5;9;13,5
26/06/2026;ES-02-01-010;LIMPIEZA;5,5;9;49,5
26/06/2026;ES-02-01-019;LIMPIEZA;2,5;9;22,5
26/06/2026;ES-02-01-004;LIMPIEZA;2;9;18
26/06/2026;ES-02-01-005;LIMPIEZA;2,5;9;22,5
26/06/2026;ES-02-01-001;LIMPIEZA;2;9;18
26/06/2026;ES-02-01-003;LIMPIEZA;2;9;18
26/06/2026;ES-02-01-027;LIMPIEZA;2;9;18
28/06/2026;ES-01-01-057;LIMPIEZA;4,5;9;40,5
29/06/2026;ES-02-01-026;LIMPIEZA;2;9;18
29/06/2026;ES-02-01-020;LIMPIEZA;2;9;18
29/06/2026;ES-02-01-018;LIMPIEZA;2;9;18
29/06/2026;ES-02-01-014;LIMPIEZA;2;9;18
29/06/2026;ES-01-02-024;LIMPIEZA;6;9;54
30/06/2026;ES-02-01-011;LIMPIEZA;2;9;18
30/06/2026;ES-02-01-022;LIMPIEZA;2,5;9;22,5
30/06/2026;ES-02-01-013;LIMPIEZA;2;9;18
30/06/2026;ES-02-01-012;LIMPIEZA;2;9;18
01/06/2026;ES-01-02-001;LIMPIEZA;1,5;9;13,5
01/06/2026;ES-01-02-003;LIMPIEZA;1,5;9;13,5
01/06/2026;ES-01-02-008;LIMPIEZA;2,5;9;22,5
01/06/2026;ES-01-02-011;LIMPIEZA;2,5;9;22,5
01/06/2026;ES-01-02-015;LIMPIEZA;2;9;18
02/06/2026;ES-01-02-007;LIMPIEZA;2;9;18
03/06/2026;ES-01-02-001;LIMPIEZA;1,5;9;13,5
03/06/2026;ES-01-02-002;LIMPIEZA;1,5;9;13,5
03/06/2026;ES-01-02-010;LIMPIEZA;2,5;9;22,5
03/06/2026;ES-01-02-011;LIMPIEZA;2;9;18
04/06/2026;ES-01-02-002;LIMPIEZA;1,5;9;13,5
04/06/2026;ES-01-02-012;LIMPIEZA;2;9;18
04/06/2026;ES-01-02-015;LIMPIEZA;3,5;9;31,5
05/06/2026;ES-01-02-003;LIMPIEZA;1,5;9;13,5
05/06/2026;ES-01-02-006;LIMPIEZA;3,5;9;31,5
05/06/2026;ES-01-02-007;LIMPIEZA;2;9;18
06/06/2026;ES-01-02-001;LIMPIEZA;1,5;9;13,5
06/06/2026;ES-01-02-002;LIMPIEZA;1,5;9;13,5
06/06/2026;ES-01-02-010;LIMPIEZA;2,5;9;22,5
06/06/2026;ES-01-02-015;LIMPIEZA;1;9;9
07/06/2026;ES-01-02-002;LIMPIEZA;1,5;9;13,5
07/06/2026;ES-01-02-010;LIMPIEZA;2,5;9;22,5
07/06/2026;ES-01-02-012;LIMPIEZA;2;9;18
08/06/2026;ES-01-02-001;LIMPIEZA;2;9;18
08/06/2026;ES-01-02-005;LIMPIEZA;2;9;18
08/06/2026;ES-01-02-008;LIMPIEZA;2,5;9;22,5
09/06/2026;ES-01-02-003;LIMPIEZA;1,5;9;13,5
09/06/2026;ES-01-02-007;LIMPIEZA;2;9;18
09/06/2026;ES-01-02-011;LIMPIEZA;2;9;18
11/06/2026;ES-01-02-002;LIMPIEZA;1,5;9;13,5
11/06/2026;ES-01-02-003;LIMPIEZA;1,5;9;13,5
11/06/2026;ES-01-02-005;LIMPIEZA;2;9;18
11/06/2026;ES-01-02-010;LIMPIEZA;2,5;9;22,5
12/06/2026;ES-01-02-001;LIMPIEZA;1,5;9;13,5
12/06/2026;ES-01-02-002;LIMPIEZA;1,5;9;13,5
12/06/2026;ES-01-02-007;LIMPIEZA;2;9;18
12/06/2026;ES-01-02-011;LIMPIEZA;2;9;18
12/06/2026;ES-01-02-015;LIMPIEZA;1;9;9
13/06/2026;ES-01-02-003;LIMPIEZA;1,5;9;13,5
14/06/2026;ES-01-02-005;LIMPIEZA;2;9;18
14/06/2026;ES-01-02-011;LIMPIEZA;2;9;18
15/06/2026;ES-01-02-001;LIMPIEZA;1,5;9;13,5
15/06/2026;ES-01-02-002;LIMPIEZA;1,5;9;13,5
15/06/2026;ES-01-02-008;LIMPIEZA;2,5;9;22,5
15/06/2026;ES-01-02-012;LIMPIEZA;2;9;18
15/06/2026;ES-01-02-015;LIMPIEZA;2;9;18
16/06/2026;ES-01-02-010;LIMPIEZA;2,5;9;22,5
16/06/2026;ES-01-02-006;LIMPIEZA;5;9;45
16/06/2026;ES-01-02-007;LIMPIEZA;2;9;18
17/06/2026;ES-01-02-003;LIMPIEZA;1,5;9;13,5
17/06/2026;ES-01-02-011;LIMPIEZA;2;9;18
18/06/2026;ES-01-02-002;LIMPIEZA;1,5;9;13,5
19/06/2026;ES-01-02-001;LIMPIEZA;2;9;18
19/06/2026;ES-01-02-007;LIMPIEZA;2;9;18
20/06/2026;ES-01-02-005;LIMPIEZA;2;9;18
20/06/2026;ES-01-02-012;LIMPIEZA;2;9;18
21/06/2026;ES-01-02-003;LIMPIEZA;1,5;9;13,5
22/06/2026;ES-01-02-002;LIMPIEZA;2;9;18
22/06/2026;ES-01-02-008;LIMPIEZA;2,5;9;22,5
22/06/2026;ES-01-02-015;LIMPIEZA;1,5;9;13,5
23/06/2026;ES-01-02-007;LIMPIEZA;2;9;18
24/06/2026;ES-01-02-001;LIMPIEZA;1,5;9;13,5
24/06/2026;ES-01-02-002;LIMPIEZA;1,5;9;13,5
26/06/2026;ES-01-02-007;LIMPIEZA;2;9;18
27/06/2026;ES-01-02-002;LIMPIEZA;1,5;9;13,5
27/06/2026;ES-01-02-003;LIMPIEZA;1,5;9;13,5
27/06/2026;ES-01-02-011;LIMPIEZA;2;9;18
28/06/2026;ES-01-02-001;LIMPIEZA;1,5;9;13,5
28/06/2026;ES-01-02-002;LIMPIEZA;1,5;9;13,5
28/06/2026;ES-01-02-005;LIMPIEZA;2;9;18
28/06/2026;ES-01-02-010;LIMPIEZA;2,5;9;22,5
28/06/2026;ES-01-02-012;LIMPIEZA;2;9;18
29/06/2026;ES-01-02-008;LIMPIEZA;2,5;9;22,5
29/06/2026;ES-01-02-013;LIMPIEZA;2;9;18
30/06/2026;ES-01-02-003;LIMPIEZA;1,5;9;13,5
30/06/2026;ES-01-02-007;LIMPIEZA;2;9;18
01/04/2026;ES-01-02-013;LAVANDERÍA;4,05;1,9;7,70
01/04/2026;ES-01-02-003;LAVANDERÍA;4,05;1,9;7,70
02/04/2026;ES-01-02-010;LAVANDERÍA;7,85;1,9;14,92
04/04/2026;ES-01-02-001;LAVANDERÍA;4,05;1,9;7,70
04/04/2026;ES-01-02-002;LAVANDERÍA;7,2;1,9;13,68
04/04/2026;ES-01-02-005;LAVANDERÍA;7,2;1,9;13,68
04/04/2026;ES-01-02-010;LAVANDERÍA;7,2;1,9;13,68
04/04/2026;ES-01-02-013;LAVANDERÍA;4,05;1,9;7,70
05/04/2026;ES-01-02-003;LAVANDERÍA;4,05;1,9;7,70
05/04/2026;ES-01-02-005;LAVANDERÍA;7,2;1,9;13,68
05/04/2026;ES-01-02-012;LAVANDERÍA;4,05;1,9;7,70
06/04/2026;ES-01-02-001;LAVANDERÍA;4,05;1,9;7,70
06/04/2026;ES-01-02-015;LAVANDERÍA;4,05;1,9;7,70
07/04/2026;ES-01-02-010;LAVANDERÍA;7,85;1,9;14,92
07/04/2026;ES-01-02-007;LAVANDERÍA;4,05;1,9;7,70
07/04/2026;ES-01-02-013;LAVANDERÍA;4,05;1,9;7,70
08/04/2026;ES-01-02-002;LAVANDERÍA;7,2;1,9;13,68
08/04/2026;ES-01-02-003;LAVANDERÍA;4,05;1,9;7,70
08/04/2026;ES-01-02-005;LAVANDERÍA;7,2;1,9;13,68
10/04/2026;ES-01-02-010;LAVANDERÍA;7,85;1,9;14,92
10/04/2026;ES-01-02-006;LAVANDERÍA;14,7;1,9;27,93
11/04/2026;ES-01-02-002;LAVANDERÍA;7,2;1,9;13,68
11/04/2026;ES-01-02-003;LAVANDERÍA;4,05;1,9;7,70
11/04/2026;ES-01-02-010;LAVANDERÍA;7,85;1,9;14,92
11/04/2026;ES-01-02-005;LAVANDERÍA;7,2;1,9;13,68
12/04/2026;ES-01-02-001;LAVANDERÍA;4,05;1,9;7,70
12/04/2026;ES-01-02-010;LAVANDERÍA;7,2;1,9;13,68
12/04/2026;ES-01-02-012;LAVANDERÍA;4,05;1,9;7,70
13/04/2026;ES-01-02-005;LAVANDERÍA;4,05;1,9;7,70
13/04/2026;ES-01-02-013;LAVANDERÍA;4,05;1,9;7,70
14/04/2026;ES-01-02-002;LAVANDERÍA;7,2;1,9;13,68
14/04/2026;ES-01-02-003;LAVANDERÍA;4,05;1,9;7,70
14/04/2026;ES-01-02-007;LAVANDERÍA;4,05;1,9;7,70
15/04/2026;ES-01-02-003;LAVANDERÍA;4,05;1,9;7,70
16/04/2026;ES-01-02-001;LAVANDERÍA;4,05;1,9;7,70
16/04/2026;ES-01-02-002;LAVANDERÍA;4,05;1,9;7,70
16/04/2026;ES-01-02-010;LAVANDERÍA;4,05;1,9;7,70
17/04/2026;ES-01-02-007;LAVANDERÍA;4,05;1,9;7,70
17/04/2026;ES-01-02-015;LAVANDERÍA;4,05;1,9;7,70
18/04/2026;ES-01-02-001;LAVANDERÍA;4,05;1,9;7,70
18/04/2026;ES-01-02-002;LAVANDERÍA;4,05;1,9;7,70
19/04/2026;ES-01-02-002;LAVANDERÍA;4,05;1,9;7,70
19/04/2026;ES-01-02-003;LAVANDERÍA;4,05;1,9;7,70
19/04/2026;ES-01-02-005;LAVANDERÍA;7,2;1,9;13,68
19/04/2026;ES-01-02-010;LAVANDERÍA;7,2;1,9;13,68
21/04/2026;ES-01-02-005;LAVANDERÍA;4,05;1,9;7,70
21/04/2026;ES-01-02-007;LAVANDERÍA;4,05;1,9;7,70
22/04/2026;ES-01-02-005;LAVANDERÍA;4,05;1,9;7,70
23/04/2026;ES-01-02-002;LAVANDERÍA;4,05;1,9;7,70
23/04/2026;ES-01-02-003;LAVANDERÍA;4,05;1,9;7,70
23/04/2026;ES-01-02-005;LAVANDERÍA;4,05;1,9;7,70
23/04/2026;ES-01-02-010;LAVANDERÍA;4,05;1,9;7,70
23/04/2026;ES-01-02-012;LAVANDERÍA;4,05;1,9;7,70
24/04/2026;ES-01-02-002;LAVANDERÍA;7,2;1,9;13,68
24/04/2026;ES-01-02-006;LAVANDERÍA;14,7;1,9;27,93
24/04/2026;ES-01-02-007;LAVANDERÍA;4,05;1,9;7,70
25/04/2026;ES-01-02-001;LAVANDERÍA;4,05;1,9;7,70
25/04/2026;ES-01-02-010;LAVANDERÍA;7,85;1,9;14,92
25/04/2026;ES-01-02-013;LAVANDERÍA;4,05;1,9;7,70
26/04/2026;ES-01-02-001;LAVANDERÍA;4,05;1,9;7,70
26/04/2026;ES-01-02-002;LAVANDERÍA;7,2;1,9;13,68
26/04/2026;ES-01-02-003;LAVANDERÍA;4,05;1,9;7,70
26/04/2026;ES-01-02-010;LAVANDERÍA;7,85;1,9;14,92
27/04/2026;ES-01-02-012;LAVANDERÍA;4,05;1,9;7,70
27/04/2026;ES-01-02-015;LAVANDERÍA;4,05;1,9;7,70
28/04/2026;ES-01-02-007;LAVANDERÍA;4,05;1,9;7,70
29/04/2026;ES-01-02-001;LAVANDERÍA;4,05;1,9;7,70
30/04/2026;ES-01-02-001;LAVANDERÍA;4,05;1,9;7,70
30/04/2026;ES-01-02-011;LAVANDERÍA;4,05;1,9;7,70
01/04/2026;ES-01-01-009;LAVANDERÍA;8,6;1,9;16,34
01/04/2026;ES-01-01-019;LAVANDERÍA;14,4;1,9;27,36
01/04/2026;ES-01-01-037;LAVANDERÍA;17,2;1,9;32,68
01/04/2026;ES-01-01-002;LAVANDERÍA;19,2;1,9;36,48
01/04/2026;ES-01-01-053;LAVANDERÍA;15,3;1,9;29,07
01/04/2026;ES-01-01-052;LAVANDERÍA;6,45;1,9;12,26
01/04/2026;ES-01-01-042;LAVANDERÍA;19,35;1,9;36,77
01/04/2026;ES-01-01-044;LAVANDERÍA;6,45;1,9;12,26
01/04/2026;ES-01-01-043;LAVANDERÍA;6,45;1,9;12,26
01/04/2026;ES-01-01-055;LAVANDERÍA;4,3;1,9;8,17
02/04/2026;ES-01-01-041;LAVANDERÍA;21,5;1,9;40,85
02/04/2026;ES-01-01-030;LAVANDERÍA;17,2;1,9;32,68
02/04/2026;ES-01-01-032;LAVANDERÍA;11,75;1,9;22,33
02/04/2026;ES-01-02-009;LAVANDERÍA;6,7;1,9;12,73
02/04/2026;ES-01-01-031;LAVANDERÍA;19,35;1,9;36,77
02/04/2026;ES-01-01-049;LAVANDERÍA;10,75;1,9;20,43
03/04/2026;ES-01-01-023;LAVANDERÍA;23;1,9;43,70
03/04/2026;ES-01-01-027;LAVANDERÍA;10,75;1,9;20,43
06/04/2026;ES-01-01-038;LAVANDERÍA;25,8;1,9;49,02
06/04/2026;ES-01-01-015;LAVANDERÍA;14,15;1,9;26,89
06/04/2026;ES-01-01-024;LAVANDERÍA;24,4;1,9;46,36
06/04/2026;ES-01-01-029;LAVANDERÍA;10,75;1,9;20,43
06/04/2026;ES-01-01-051;LAVANDERÍA;13,9;1,9;26,41
07/04/2026;ES-01-01-011;LAVANDERÍA;18,45;1,9;35,06
07/04/2026;ES-01-01-034;LAVANDERÍA;17,2;1,9;32,68
07/04/2026;ES-01-01-012;LAVANDERÍA;13;1,9;24,70
07/04/2026;ES-01-01-013;LAVANDERÍA;16,3;1,9;30,97
07/04/2026;ES-01-01-025;LAVANDERÍA;15,8;1,9;30,02
07/04/2026;ES-01-01-021;LAVANDERÍA;35,25;1,9;66,98
07/04/2026;ES-01-01-036;LAVANDERÍA;17,2;1,9;32,68
07/04/2026;ES-01-01-020;LAVANDERÍA;11,5;1,9;21,85
08/04/2026;ES-01-01-009;LAVANDERÍA;8,6;1,9;16,34
08/04/2026;ES-01-01-019;LAVANDERÍA;12;1,9;22,80
08/04/2026;ES-01-01-037;LAVANDERÍA;17,2;1,9;32,68
08/04/2026;ES-01-01-053;LAVANDERÍA;12,9;1,9;24,51
08/04/2026;ES-01-01-052;LAVANDERÍA;6,45;1,9;12,26
08/04/2026;ES-01-01-042;LAVANDERÍA;19,35;1,9;36,77
08/04/2026;ES-01-01-044;LAVANDERÍA;6,45;1,9;12,26
08/04/2026;ES-01-01-043;LAVANDERÍA;6,45;1,9;12,26
08/04/2026;ES-01-01-055;LAVANDERÍA;6,45;1,9;12,26
09/04/2026;ES-01-01-041;LAVANDERÍA;21,5;1,9;40,85
09/04/2026;ES-01-01-030;LAVANDERÍA;17,2;1,9;32,68
09/04/2026;ES-01-01-032;LAVANDERÍA;11,75;1,9;22,33
09/04/2026;ES-01-02-009;LAVANDERÍA;6,7;1,9;12,73
09/04/2026;ES-01-01-031;LAVANDERÍA;19,35;1,9;36,77
09/04/2026;ES-01-01-049;LAVANDERÍA;10,75;1,9;20,43
10/04/2026;ES-01-01-023;LAVANDERÍA;23;1,9;43,70
10/04/2026;ES-01-01-027;LAVANDERÍA;10,75;1,9;20,43
10/04/2026;ES-01-01-058;LAVANDERÍA;3;1,9;5,70
13/04/2026;ES-01-01-038;LAVANDERÍA;25,8;1,9;49,02
13/04/2026;ES-01-01-015;LAVANDERÍA;14,15;1,9;26,89
13/04/2026;ES-01-01-024;LAVANDERÍA;24,4;1,9;46,36
13/04/2026;ES-01-01-029;LAVANDERÍA;10,75;1,9;20,43
13/04/2026;ES-01-01-051;LAVANDERÍA;13,9;1,9;26,41
13/04/2026;ES-01-01-053;LAVANDERÍA;2,15;1,9;4,09
14/04/2026;ES-01-01-011;LAVANDERÍA;18,45;1,9;35,06
14/04/2026;ES-01-01-034;LAVANDERÍA;17,2;1,9;32,68
14/04/2026;ES-01-01-012;LAVANDERÍA;15,4;1,9;29,26
14/04/2026;ES-01-01-013;LAVANDERÍA;16,3;1,9;30,97
14/04/2026;ES-01-01-025;LAVANDERÍA;15,8;1,9;30,02
14/04/2026;ES-01-01-021;LAVANDERÍA;42,2;1,9;80,18
14/04/2026;ES-01-01-036;LAVANDERÍA;17,2;1,9;32,68
14/04/2026;ES-01-01-020;LAVANDERÍA;11,5;1,9;21,85
15/04/2026;ES-01-01-009;LAVANDERÍA;8,6;1,9;16,34
15/04/2026;ES-01-01-019;LAVANDERÍA;12;1,9;22,80
15/04/2026;ES-01-01-037;LAVANDERÍA;17,2;1,9;32,68
15/04/2026;ES-01-01-053;LAVANDERÍA;13,15;1,9;24,99
15/04/2026;ES-01-01-052;LAVANDERÍA;6,45;1,9;12,26
15/04/2026;ES-01-01-042;LAVANDERÍA;19,35;1,9;36,77
15/04/2026;ES-01-01-044;LAVANDERÍA;6,45;1,9;12,26
15/04/2026;ES-01-01-043;LAVANDERÍA;6,45;1,9;12,26
15/04/2026;ES-01-01-055;LAVANDERÍA;11,65;1,9;22,14
16/04/2026;ES-01-01-041;LAVANDERÍA;21,5;1,9;40,85
16/04/2026;ES-01-01-030;LAVANDERÍA;17,2;1,9;32,68
16/04/2026;ES-01-01-032;LAVANDERÍA;11,75;1,9;22,33
16/04/2026;ES-01-02-009;LAVANDERÍA;6,7;1,9;12,73
16/04/2026;ES-01-01-031;LAVANDERÍA;21,5;1,9;40,85
16/04/2026;ES-01-01-049;LAVANDERÍA;10,75;1,9;20,43
17/04/2026;ES-01-01-023;LAVANDERÍA;23;1,9;43,70
17/04/2026;ES-01-01-027;LAVANDERÍA;10,75;1,9;20,43
20/04/2026;ES-01-01-038;LAVANDERÍA;25,8;1,9;49,02
20/04/2026;ES-01-01-015;LAVANDERÍA;14,15;1,9;26,89
20/04/2026;ES-01-01-024;LAVANDERÍA;24,4;1,9;46,36
20/04/2026;ES-01-01-029;LAVANDERÍA;10,75;1,9;20,43
20/04/2026;ES-01-01-051;LAVANDERÍA;13,9;1,9;26,41
21/04/2026;ES-01-01-011;LAVANDERÍA;18,45;1,9;35,06
21/04/2026;ES-01-01-034;LAVANDERÍA;17,2;1,9;32,68
21/04/2026;ES-01-01-012;LAVANDERÍA;15,4;1,9;29,26
21/04/2026;ES-01-01-013;LAVANDERÍA;16,3;1,9;30,97
21/04/2026;ES-01-01-025;LAVANDERÍA;15,8;1,9;30,02
21/04/2026;ES-01-01-021;LAVANDERÍA;42,2;1,9;80,18
21/04/2026;ES-01-01-036;LAVANDERÍA;17,2;1,9;32,68
21/04/2026;ES-01-01-020;LAVANDERÍA;11,5;1,9;21,85
22/04/2026;ES-01-01-009;LAVANDERÍA;8,6;1,9;16,34
22/04/2026;ES-01-01-019;LAVANDERÍA;12;1,9;22,80
22/04/2026;ES-01-01-037;LAVANDERÍA;17,2;1,9;32,68
22/04/2026;ES-01-01-053;LAVANDERÍA;13,15;1,9;24,99
22/04/2026;ES-01-01-052;LAVANDERÍA;6,45;1,9;12,26
22/04/2026;ES-01-01-042;LAVANDERÍA;19,35;1,9;36,77
22/04/2026;ES-01-01-044;LAVANDERÍA;6,45;1,9;12,26
22/04/2026;ES-01-01-043;LAVANDERÍA;6,45;1,9;12,26
22/04/2026;ES-01-01-055;LAVANDERÍA;11,65;1,9;22,14
23/04/2026;ES-01-01-041;LAVANDERÍA;21,5;1,9;40,85
23/04/2026;ES-01-01-030;LAVANDERÍA;17,2;1,9;32,68
23/04/2026;ES-01-01-032;LAVANDERÍA;11,75;1,9;22,33
23/04/2026;ES-01-02-009;LAVANDERÍA;6,7;1,9;12,73
23/04/2026;ES-01-01-031;LAVANDERÍA;21,5;1,9;40,85
23/04/2026;ES-01-01-049;LAVANDERÍA;10,75;1,9;20,43
24/04/2026;ES-01-01-023;LAVANDERÍA;23;1,9;43,70
24/04/2026;ES-01-01-027;LAVANDERÍA;10,75;1,9;20,43
27/04/2026;ES-01-01-038;LAVANDERÍA;25,8;1,9;49,02
27/04/2026;ES-01-01-015;LAVANDERÍA;14,15;1,9;26,89
27/04/2026;ES-01-01-024;LAVANDERÍA;24,4;1,9;46,36
27/04/2026;ES-01-01-029;LAVANDERÍA;10,75;1,9;20,43
27/04/2026;ES-01-01-051;LAVANDERÍA;13,9;1,9;26,41
28/04/2026;ES-01-01-011;LAVANDERÍA;18,45;1,9;35,06
28/04/2026;ES-01-01-034;LAVANDERÍA;17,2;1,9;32,68
28/04/2026;ES-01-01-012;LAVANDERÍA;15,4;1,9;29,26
28/04/2026;ES-01-01-013;LAVANDERÍA;16,3;1,9;30,97
28/04/2026;ES-01-01-025;LAVANDERÍA;15,8;1,9;30,02
28/04/2026;ES-01-01-021;LAVANDERÍA;42,2;1,9;80,18
28/04/2026;ES-01-01-036;LAVANDERÍA;17,2;1,9;32,68
28/04/2026;ES-01-01-020;LAVANDERÍA;11,5;1,9;21,85
29/04/2026;ES-01-01-009;LAVANDERÍA;8,6;1,9;16,34
29/04/2026;ES-01-01-019;LAVANDERÍA;12;1,9;22,80
29/04/2026;ES-01-01-037;LAVANDERÍA;17,2;1,9;32,68
29/04/2026;ES-01-01-053;LAVANDERÍA;15,3;1,9;29,07
29/04/2026;ES-01-01-052;LAVANDERÍA;6,45;1,9;12,26
29/04/2026;ES-01-01-042;LAVANDERÍA;19,35;1,9;36,77
29/04/2026;ES-01-01-044;LAVANDERÍA;6,45;1,9;12,26
29/04/2026;ES-01-01-043;LAVANDERÍA;6,45;1,9;12,26
29/04/2026;ES-01-01-055;LAVANDERÍA;11,65;1,9;22,14
30/04/2026;ES-01-01-041;LAVANDERÍA;21,5;1,9;40,85
30/04/2026;ES-01-01-030;LAVANDERÍA;17,2;1,9;32,68
30/04/2026;ES-01-01-032;LAVANDERÍA;11,75;1,9;22,33
30/04/2026;ES-01-01-031;LAVANDERÍA;21,5;1,9;40,85
30/04/2026;ES-01-01-049;LAVANDERÍA;10,75;1,9;20,43
06/04/2026;ES-02-01-005;LAVANDERÍA;4,55;1,9;8,65
01/05/2026;ES-01-02-002;LAVANDERÍA;7,2;1,9;13,68
01/05/2026;ES-01-02-003;LAVANDERÍA;4,05;1,9;7,70
01/05/2026;ES-01-02-010;LAVANDERÍA;4,05;1,9;7,70
01/05/2026;ES-01-02-007;LAVANDERÍA;4,05;1,9;7,70
02/05/2026;ES-01-02-001;LAVANDERÍA;4,05;1,9;7,70
02/05/2026;ES-01-02-003;LAVANDERÍA;4,05;1,9;7,70
02/05/2026;ES-01-02-012;LAVANDERÍA;4,05;1,9;7,70
02/05/2026;ES-01-02-011;LAVANDERÍA;4,05;1,9;7,70
03/05/2026;ES-01-02-001;LAVANDERÍA;4,05;1,9;7,70
03/05/2026;ES-01-02-002;LAVANDERÍA;4,05;1,9;7,70
03/05/2026;ES-01-02-005;LAVANDERÍA;7,2;1,9;13,68
03/05/2026;ES-01-02-010;LAVANDERÍA;7,85;1,9;14,92
04/05/2026;ES-01-02-001;LAVANDERÍA;4,05;1,9;7,70
04/05/2026;ES-01-02-011;LAVANDERÍA;4,05;1,9;7,70
04/05/2026;ES-01-02-012;LAVANDERÍA;4,05;1,9;7,70
05/05/2026;ES-01-02-010;LAVANDERÍA;7,2;1,9;13,68
05/05/2026;ES-01-02-007;LAVANDERÍA;4,05;1,9;7,70
06/05/2026;ES-01-02-002;LAVANDERÍA;4,05;1,9;7,70
06/05/2026;ES-01-02-003;LAVANDERÍA;4,05;1,9;7,70
07/05/2026;ES-01-02-005;LAVANDERÍA;4,05;1,9;7,70
07/05/2026;ES-01-02-010;LAVANDERÍA;4,05;1,9;7,70
08/05/2026;ES-01-02-010;LAVANDERÍA;7,85;1,9;14,92
08/05/2026;ES-01-02-006;LAVANDERÍA;14,7;1,9;27,93
08/05/2026;ES-01-02-007;LAVANDERÍA;4,05;1,9;7,70
09/05/2026;ES-01-02-001;LAVANDERÍA;4,05;1,9;7,70
09/05/2026;ES-01-02-002;LAVANDERÍA;7,2;1,9;13,68
09/05/2026;ES-01-02-003;LAVANDERÍA;4,05;1,9;7,70
10/05/2026;ES-01-02-001;LAVANDERÍA;4,05;1,9;7,70
10/05/2026;ES-01-02-002;LAVANDERÍA;4,05;1,9;7,70
10/05/2026;ES-01-02-003;LAVANDERÍA;4,05;1,9;7,70
10/05/2026;ES-01-02-010;LAVANDERÍA;7,85;1,9;14,92
10/05/2026;ES-01-02-013;LAVANDERÍA;4,05;1,9;7,70
10/05/2026;ES-01-02-012;LAVANDERÍA;4,05;1,9;7,70
11/05/2026;ES-01-02-010;LAVANDERÍA;7,85;1,9;14,92
11/05/2026;ES-01-02-011;LAVANDERÍA;4,05;1,9;7,70
11/05/2026;ES-01-02-015;LAVANDERÍA;4,05;1,9;7,70
12/05/2026;ES-01-02-005;LAVANDERÍA;4,05;1,9;7,70
12/05/2026;ES-01-02-010;LAVANDERÍA;7,85;1,9;14,92
12/05/2026;ES-01-02-007;LAVANDERÍA;4,05;1,9;7,70
13/05/2026;ES-01-02-002;LAVANDERÍA;7,2;1,9;13,68
14/05/2026;ES-01-02-010;LAVANDERÍA;7,85;1,9;14,92
16/05/2026;ES-01-02-002;LAVANDERÍA;4,05;1,9;7,70
16/05/2026;ES-01-02-010;LAVANDERÍA;7,85;1,9;14,92
16/05/2026;ES-01-02-012;LAVANDERÍA;4,05;1,9;7,70
17/05/2026;ES-01-02-010;LAVANDERÍA;7,85;1,9;14,92
17/05/2026;ES-01-02-012;LAVANDERÍA;4,05;1,9;7,70
18/05/2026;ES-01-02-001;LAVANDERÍA;4,05;1,9;7,70
18/05/2026;ES-01-02-003;LAVANDERÍA;4,05;1,9;7,70
19/05/2026;ES-01-02-007;LAVANDERÍA;4,05;1,9;7,70
20/05/2026;ES-01-02-010;LAVANDERÍA;4,05;1,9;7,70
20/05/2026;ES-01-02-012;LAVANDERÍA;4,05;1,9;7,70
21/05/2026;ES-01-02-010;LAVANDERÍA;7,85;1,9;14,92
22/05/2026;ES-01-02-002;LAVANDERÍA;7,2;1,9;13,68
22/05/2026;ES-01-02-006;LAVANDERÍA;14,7;1,9;27,93
22/05/2026;ES-01-02-007;LAVANDERÍA;4,05;1,9;7,70
23/05/2026;ES-01-02-002;LAVANDERÍA;4,05;1,9;7,70
23/05/2026;ES-01-02-010;LAVANDERÍA;7,85;1,9;14,92
23/05/2026;ES-01-02-012;LAVANDERÍA;4,05;1,9;7,70
24/05/2026;ES-01-02-010;LAVANDERÍA;4,05;1,9;7,70
24/05/2026;ES-01-02-012;LAVANDERÍA;4,05;1,9;7,70
25/05/2026;ES-01-02-002;LAVANDERÍA;4,05;1,9;7,70
25/05/2026;ES-01-02-003;LAVANDERÍA;4,05;1,9;7,70
25/05/2026;ES-01-02-015;LAVANDERÍA;4,05;1,9;7,70
26/05/2026;ES-01-02-007;LAVANDERÍA;4,05;1,9;7,70
26/05/2026;ES-01-02-012;LAVANDERÍA;4,05;1,9;7,70
27/05/2026;ES-01-02-002;LAVANDERÍA;4,05;1,9;7,70
27/05/2026;ES-01-02-010;LAVANDERÍA;4,05;1,9;7,70
28/05/2026;ES-01-02-005;LAVANDERÍA;4,05;1,9;7,70
29/05/2026;ES-01-02-003;LAVANDERÍA;4,05;1,9;7,70
29/05/2026;ES-01-02-010;LAVANDERÍA;4,05;1,9;7,70
29/05/2026;ES-01-02-007;LAVANDERÍA;4,05;1,9;7,70
30/05/2026;ES-01-02-001;LAVANDERÍA;4,05;1,9;7,70
30/05/2026;ES-01-02-002;LAVANDERÍA;4,05;1,9;7,70
31/05/2026;ES-01-02-005;LAVANDERÍA;7,2;1,9;13,68
31/05/2026;ES-01-02-010;LAVANDERÍA;7,85;1,9;14,92
01/05/2026;ES-01-01-023;LAVANDERÍA;23;1,9;43,70
01/05/2026;ES-01-01-027;LAVANDERÍA;10,75;1,9;20,43
02/05/2026;ES-01-01-033;LAVANDERÍA;2,4;1,9;4,56
02/05/2026;ES-01-02-009;LAVANDERÍA;6,7;1,9;12,73
04/05/2026;ES-01-01-038;LAVANDERÍA;25,8;1,9;49,02
04/05/2026;ES-01-01-015;LAVANDERÍA;14,15;1,9;26,89
04/05/2026;ES-01-01-024;LAVANDERÍA;24,4;1,9;46,36
04/05/2026;ES-01-01-029;LAVANDERÍA;10,75;1,9;20,43
04/05/2026;ES-01-01-051;LAVANDERÍA;13,9;1,9;26,41
04/05/2026;ES-01-01-004;LAVANDERÍA;15,8;1,9;30,02
04/05/2026;ES-01-01-026;LAVANDERÍA;2,4;1,9;4,56
05/05/2026;ES-01-01-011;LAVANDERÍA;18,45;1,9;35,06
05/05/2026;ES-01-01-034;LAVANDERÍA;17,2;1,9;32,68
05/05/2026;ES-01-01-012;LAVANDERÍA;13;1,9;24,70
05/05/2026;ES-01-01-013;LAVANDERÍA;16,3;1,9;30,97
05/05/2026;ES-01-01-025;LAVANDERÍA;15,8;1,9;30,02
05/05/2026;ES-01-01-021;LAVANDERÍA;42,2;1,9;80,18
05/05/2026;ES-01-01-036;LAVANDERÍA;17,2;1,9;32,68
05/05/2026;ES-01-01-020;LAVANDERÍA;11,5;1,9;21,85
06/05/2026;ES-01-01-009;LAVANDERÍA;8,6;1,9;16,34
06/05/2026;ES-01-01-019;LAVANDERÍA;12;1,9;22,80
06/05/2026;ES-01-01-037;LAVANDERÍA;17,2;1,9;32,68
06/05/2026;ES-01-01-053;LAVANDERÍA;15,3;1,9;29,07
06/05/2026;ES-01-01-052;LAVANDERÍA;6,45;1,9;12,26
06/05/2026;ES-01-01-042;LAVANDERÍA;19,35;1,9;36,77
06/05/2026;ES-01-01-044;LAVANDERÍA;6,45;1,9;12,26
06/05/2026;ES-01-01-043;LAVANDERÍA;6,45;1,9;12,26
06/05/2026;ES-01-01-055;LAVANDERÍA;9,5;1,9;18,05
06/05/2026;ES-01-01-018;LAVANDERÍA;14,4;1,9;27,36
06/05/2026;ES-01-01-014;LAVANDERÍA;4,8;1,9;9,12
07/05/2026;ES-01-01-041;LAVANDERÍA;21,5;1,9;40,85
07/05/2026;ES-01-01-030;LAVANDERÍA;17,2;1,9;32,68
07/05/2026;ES-01-01-032;LAVANDERÍA;11,75;1,9;22,33
07/05/2026;ES-01-01-031;LAVANDERÍA;21,5;1,9;40,85
07/05/2026;ES-01-01-049;LAVANDERÍA;10,75;1,9;20,43
08/05/2026;ES-01-01-023;LAVANDERÍA;23;1,9;43,70
08/05/2026;ES-01-01-027;LAVANDERÍA;10,75;1,9;20,43
08/05/2026;ES-01-01-050;LAVANDERÍA;8,6;1,9;16,34
09/05/2026;ES-01-01-005;LAVANDERÍA;21,6;1,9;41,04
09/05/2026;ES-01-01-028;LAVANDERÍA;13,4;1,9;25,46
11/05/2026;ES-01-01-038;LAVANDERÍA;25,8;1,9;49,02
11/05/2026;ES-01-01-015;LAVANDERÍA;14,15;1,9;26,89
11/05/2026;ES-01-01-024;LAVANDERÍA;24,4;1,9;46,36
11/05/2026;ES-01-01-051;LAVANDERÍA;13,9;1,9;26,41
12/05/2026;ES-01-01-011;LAVANDERÍA;18,45;1,9;35,06
12/05/2026;ES-01-01-034;LAVANDERÍA;17,2;1,9;32,68
12/05/2026;ES-01-01-012;LAVANDERÍA;14,4;1,9;27,36
12/05/2026;ES-01-01-013;LAVANDERÍA;16,3;1,9;30,97
12/05/2026;ES-01-01-025;LAVANDERÍA;15,8;1,9;30,02
12/05/2026;ES-01-01-021;LAVANDERÍA;42,2;1,9;80,18
12/05/2026;ES-01-01-036;LAVANDERÍA;17,2;1,9;32,68
12/05/2026;ES-01-01-020;LAVANDERÍA;11,5;1,9;21,85
13/05/2026;ES-01-01-009;LAVANDERÍA;8,6;1,9;16,34
13/05/2026;ES-01-01-019;LAVANDERÍA;12;1,9;22,80
13/05/2026;ES-01-01-037;LAVANDERÍA;17,2;1,9;32,68
13/05/2026;ES-01-01-053;LAVANDERÍA;15,3;1,9;29,07
13/05/2026;ES-01-01-052;LAVANDERÍA;6,45;1,9;12,26
13/05/2026;ES-01-01-042;LAVANDERÍA;19,35;1,9;36,77
13/05/2026;ES-01-01-043;LAVANDERÍA;6,45;1,9;12,26
13/05/2026;ES-01-01-043;LAVANDERÍA;6,45;1,9;12,26
13/05/2026;ES-01-01-055;LAVANDERÍA;9,5;1,9;18,05
14/05/2026;ES-01-01-041;LAVANDERÍA;21,5;1,9;40,85
14/05/2026;ES-01-01-030;LAVANDERÍA;17,2;1,9;32,68
14/05/2026;ES-01-01-032;LAVANDERÍA;11,75;1,9;22,33
14/05/2026;ES-01-01-031;LAVANDERÍA;21,5;1,9;40,85
15/05/2026;ES-01-01-023;LAVANDERÍA;23;1,9;43,70
15/05/2026;ES-01-01-027;LAVANDERÍA;10,75;1,9;20,43
15/05/2026;ES-01-01-056;LAVANDERÍA;27,9;1,9;53,01
15/05/2026;ES-01-01-008;LAVANDERÍA;2,4;1,9;4,56
16/05/2026;ES-01-01-032;LAVANDERÍA;11,75;1,9;22,33
16/05/2026;ES-01-01-002;LAVANDERÍA;19,2;1,9;36,48
16/05/2026;ES-01-01-025;LAVANDERÍA;15,8;1,9;30,02
16/05/2026;ES-01-01-008;LAVANDERÍA;2,4;1,9;4,56
17/05/2026;ES-01-02-016;LAVANDERÍA;4,55;1,9;8,65
17/05/2026;ES-01-01-029;LAVANDERÍA;4,3;1,9;8,17
18/05/2026;ES-01-01-038;LAVANDERÍA;25,8;1,9;49,02
18/05/2026;ES-01-01-015;LAVANDERÍA;14,15;1,9;26,89
18/05/2026;ES-01-01-024;LAVANDERÍA;24,4;1,9;46,36
18/05/2026;ES-01-01-051;LAVANDERÍA;13,9;1,9;26,41
18/05/2026;ES-01-01-042;LAVANDERÍA;8,6;1,9;16,34
19/05/2026;ES-01-01-011;LAVANDERÍA;18,45;1,9;35,06
19/05/2026;ES-01-01-034;LAVANDERÍA;17,2;1,9;32,68
19/05/2026;ES-01-01-012;LAVANDERÍA;14,4;1,9;27,36
19/05/2026;ES-01-01-013;LAVANDERÍA;16,3;1,9;30,97
19/05/2026;ES-01-01-021;LAVANDERÍA;42,2;1,9;80,18
19/05/2026;ES-01-01-036;LAVANDERÍA;17,2;1,9;32,68
19/05/2026;ES-01-01-020;LAVANDERÍA;11,5;1,9;21,85
20/05/2026;ES-01-01-009;LAVANDERÍA;8,6;1,9;16,34
20/05/2026;ES-01-01-019;LAVANDERÍA;12;1,9;22,80
20/05/2026;ES-01-01-037;LAVANDERÍA;17,2;1,9;32,68
20/05/2026;ES-01-01-053;LAVANDERÍA;15,3;1,9;29,07
20/05/2026;ES-01-01-042;LAVANDERÍA;19,35;1,9;36,77
20/05/2026;ES-01-01-044;LAVANDERÍA;6,45;1,9;12,26
20/05/2026;ES-01-01-043;LAVANDERÍA;6,45;1,9;12,26
20/05/2026;ES-01-01-055;LAVANDERÍA;9,5;1,9;18,05
20/05/2026;ES-01-01-018;LAVANDERÍA;2,7;1,9;5,13
20/05/2026;ES-01-01-035;LAVANDERÍA;17,2;1,9;32,68
21/05/2026;ES-01-01-041;LAVANDERÍA;21,5;1,9;40,85
21/05/2026;ES-01-01-030;LAVANDERÍA;17,2;1,9;32,68
21/05/2026;ES-01-01-031;LAVANDERÍA;21,5;1,9;40,85
21/05/2026;ES-01-02-017;LAVANDERÍA;10,35;1,9;19,67
22/05/2026;ES-01-01-023;LAVANDERÍA;23;1,9;43,70
22/05/2026;ES-01-01-027;LAVANDERÍA;10,75;1,9;20,43
24/05/2026;ES-01-01-044;LAVANDERÍA;9,4;1,9;17,86
25/05/2026;ES-01-01-038;LAVANDERÍA;25,8;1,9;49,02
25/05/2026;ES-01-01-015;LAVANDERÍA;14,15;1,9;26,89
25/05/2026;ES-01-01-029;LAVANDERÍA;10,75;1,9;20,43
25/05/2026;ES-01-01-051;LAVANDERÍA;13,9;1,9;26,41
25/05/2026;ES-01-01-043;LAVANDERÍA;7,45;1,9;14,16
26/05/2026;ES-01-01-034;LAVANDERÍA;17,2;1,9;32,68
26/05/2026;ES-01-01-012;LAVANDERÍA;14,4;1,9;27,36
26/05/2026;ES-01-01-013;LAVANDERÍA;16,3;1,9;30,97
26/05/2026;ES-01-01-025;LAVANDERÍA;15,8;1,9;30,02
26/05/2026;ES-01-01-021;LAVANDERÍA;42,2;1,9;80,18
26/05/2026;ES-01-01-036;LAVANDERÍA;17,2;1,9;32,68
26/05/2026;ES-01-01-020;LAVANDERÍA;11,5;1,9;21,85
27/05/2026;ES-01-01-009;LAVANDERÍA;8,6;1,9;16,34
27/05/2026;ES-01-01-019;LAVANDERÍA;14,4;1,9;27,36
27/05/2026;ES-01-01-037;LAVANDERÍA;17,2;1,9;32,68
27/05/2026;ES-01-01-053;LAVANDERÍA;15,3;1,9;29,07
27/05/2026;ES-01-01-042;LAVANDERÍA;19,35;1,9;36,77
27/05/2026;ES-01-01-055;LAVANDERÍA;9,5;1,9;18,05
27/05/2026;ES-01-02-017;LAVANDERÍA;9,9;1,9;18,81
28/05/2026;ES-01-01-041;LAVANDERÍA;21,5;1,9;40,85
28/05/2026;ES-01-01-030;LAVANDERÍA;2,15;1,9;4,09
29/05/2026;ES-01-01-023;LAVANDERÍA;23;1,9;43,70
29/05/2026;ES-01-01-027;LAVANDERÍA;10,75;1,9;20,43
29/05/2026;ES-01-01-026;LAVANDERÍA;2,4;1,9;4,56
29/05/2026;ES-01-01-053;LAVANDERÍA;15,3;1,9;29,07
30/05/2026;ES-01-01-011;LAVANDERÍA;25,65;1,9;48,74
30/05/2026;ES-01-01-022;LAVANDERÍA;37,4;1,9;71,06
30/05/2026;ES-01-01-016;LAVANDERÍA;19,6;1,9;37,24
30/05/2026;ES-01-01-006;LAVANDERÍA;18,2;1,9;34,58
30/05/2026;ES-01-01-056;LAVANDERÍA;6,7;1,9;12,73
30/05/2026;ES-01-01-042;LAVANDERÍA;4,3;1,9;8,17
04/05/2026;ES-02-01-014;LAVANDERÍA;2,4;1,9;4,56
15/05/2026;ES-01-01-057;LAVANDERÍA;31,15;1,9;59,19
29/05/2026;ES-02-01-009;LAVANDERÍA;13,25;1,9;25,18
01/06/2026;ES-01-01-015;LAVANDERÍA;14,15;1,9;26,89
01/06/2026;ES-01-01-029;LAVANDERÍA;12,9;1,9;24,51
01/06/2026;ES-01-01-034;LAVANDERÍA;17,2;1,9;32,68
01/06/2026;ES-01-01-044;LAVANDERÍA;8,6;1,9;16,34
01/06/2026;ES-01-01-007;LAVANDERÍA;24;1,9;45,60
01/06/2026;ES-01-01-046;LAVANDERÍA;10,75;1,9;20,43
02/06/2026;ES-01-01-038;LAVANDERÍA;10,75;1,9;20,43
02/06/2026;ES-01-01-013;LAVANDERÍA;36,8;1,9;69,92
02/06/2026;ES-01-01-025;LAVANDERÍA;15,8;1,9;30,02
02/06/2026;ES-01-01-020;LAVANDERÍA;2,4;1,9;4,56
02/06/2026;ES-01-01-037;LAVANDERÍA;17,2;1,9;32,68
02/06/2026;ES-01-01-030;LAVANDERÍA;15,05;1,9;28,60
02/06/2026;ES-01-01-031;LAVANDERÍA;17,2;1,9;32,68
02/06/2026;ES-01-01-026;LAVANDERÍA;4,8;1,9;9,12
03/06/2026;ES-01-01-009;LAVANDERÍA;6,45;1,9;12,26
03/06/2026;ES-01-01-002;LAVANDERÍA;6,7;1,9;12,73
03/06/2026;ES-01-01-052;LAVANDERÍA;2,15;1,9;4,09
03/06/2026;ES-01-01-042;LAVANDERÍA;4,3;1,9;8,17
03/06/2026;ES-01-01-055;LAVANDERÍA;8,9;1,9;16,91
04/06/2026;ES-01-01-024;LAVANDERÍA;24,4;1,9;46,36
04/06/2026;ES-01-01-032;LAVANDERÍA;11,75;1,9;22,33
04/06/2026;ES-01-02-009;LAVANDERÍA;4,65;1,9;8,84
04/06/2026;ES-01-01-031;LAVANDERÍA;4,7;1,9;8,93
05/06/2026;ES-01-01-056;LAVANDERÍA;9,1;1,9;17,29
06/06/2026;ES-01-01-024;LAVANDERÍA;3,3;1,9;6,27
06/06/2026;ES-01-01-042;LAVANDERÍA;4,3;1,9;8,17
06/06/2026;ES-01-01-049;LAVANDERÍA;10,75;1,9;20,43
07/06/2026;ES-01-01-012;LAVANDERÍA;15,45;1,9;29,36
08/06/2026;ES-01-01-015;LAVANDERÍA;2,4;1,9;4,56
08/06/2026;ES-01-01-029;LAVANDERÍA;15,05;1,9;28,60
08/06/2026;ES-01-01-053;LAVANDERÍA;11,25;1,9;21,38
08/06/2026;ES-01-02-009;LAVANDERÍA;3,1;1,9;5,89
09/06/2026;ES-01-01-025;LAVANDERÍA;15,8;1,9;30,02
09/06/2026;ES-01-01-020;LAVANDERÍA;2,4;1,9;4,56
09/06/2026;ES-01-01-049;LAVANDERÍA;10,75;1,9;20,43
10/06/2026;ES-01-01-022;LAVANDERÍA;2,4;1,9;4,56
10/06/2026;ES-01-01-009;LAVANDERÍA;6,45;1,9;12,26
10/06/2026;ES-01-01-037;LAVANDERÍA;6,45;1,9;12,26
10/06/2026;ES-01-01-042;LAVANDERÍA;8,6;1,9;16,34
10/06/2026;ES-01-01-055;LAVANDERÍA;8,9;1,9;16,91
11/06/2026;ES-01-01-053;LAVANDERÍA;7,35;1,9;13,97
11/06/2026;ES-01-01-030;LAVANDERÍA;12,9;1,9;24,51
11/06/2026;ES-01-01-032;LAVANDERÍA;11,75;1,9;22,33
11/06/2026;ES-01-01-031;LAVANDERÍA;4,7;1,9;8,93
12/06/2026;ES-01-01-049;LAVANDERÍA;6,45;1,9;12,26
12/06/2026;ES-01-01-001;LAVANDERÍA;2,4;1,9;4,56
12/06/2026;ES-01-01-023;LAVANDERÍA;18,7;1,9;35,53
12/06/2026;ES-01-01-028;LAVANDERÍA;14,4;1,9;27,36
14/06/2026;ES-01-01-038;LAVANDERÍA;3,6;1,9;6,84
15/06/2026;ES-01-01-029;LAVANDERÍA;15,05;1,9;28,60
15/06/2026;ES-01-01-053;LAVANDERÍA;15,3;1,9;29,07
15/06/2026;ES-01-01-052;LAVANDERÍA;6,45;1,9;12,26
15/06/2026;ES-01-01-049;LAVANDERÍA;10,75;1,9;20,43
16/06/2026;ES-01-01-024;LAVANDERÍA;27,7;1,9;52,63
16/06/2026;ES-01-01-047;LAVANDERÍA;2,15;1,9;4,09
16/06/2026;ES-01-01-025;LAVANDERÍA;15,8;1,9;30,02
16/06/2026;ES-01-01-036;LAVANDERÍA;17,15;1,9;32,59
17/06/2026;ES-01-01-021;LAVANDERÍA;95,2;1,9;180,88
17/06/2026;ES-01-01-009;LAVANDERÍA;8,6;1,9;16,34
17/06/2026;ES-01-01-037;LAVANDERÍA;4,3;1,9;8,17
17/06/2026;ES-01-01-002;LAVANDERÍA;2,4;1,9;4,56
17/06/2026;ES-01-01-042;LAVANDERÍA;8,6;1,9;16,34
17/06/2026;ES-01-01-055;LAVANDERÍA;8,9;1,9;16,91
17/06/2026;ES-01-01-007;LAVANDERÍA;2,4;1,9;4,56
18/06/2026;ES-01-01-030;LAVANDERÍA;2,1;1,9;3,99
18/06/2026;ES-01-01-032;LAVANDERÍA;11,75;1,9;22,33
18/06/2026;ES-01-01-031;LAVANDERÍA;4,7;1,9;8,93
18/06/2026;ES-01-01-016;LAVANDERÍA;2,15;1,9;4,09
18/06/2026;ES-01-01-039;LAVANDERÍA;9,6;1,9;18,24
19/06/2026;ES-01-01-049;LAVANDERÍA;6,45;1,9;12,26
19/06/2026;ES-01-01-050;LAVANDERÍA;8,6;1,9;16,34
20/06/2026;ES-01-01-005;LAVANDERÍA;21,6;1,9;41,04
21/06/2026;ES-01-01-012;LAVANDERÍA;14,4;1,9;27,36
21/06/2026;ES-01-01-023;LAVANDERÍA;23,75;1,9;45,13
22/06/2026;ES-01-01-015;LAVANDERÍA;2,4;1,9;4,56
22/06/2026;ES-01-01-029;LAVANDERÍA;15,05;1,9;28,60
22/06/2026;ES-01-01-008;LAVANDERÍA;2,4;1,9;4,56
22/06/2026;ES-01-01-019;LAVANDERÍA;2,4;1,9;4,56
22/06/2026;ES-01-01-043;LAVANDERÍA;2,15;1,9;4,09
22/06/2026;ES-01-01-007;LAVANDERÍA;2,4;1,9;4,56
23/06/2026;ES-01-01-008;LAVANDERÍA;9,6;1,9;18,24
23/06/2026;ES-01-01-004;LAVANDERÍA;16,55;1,9;31,45
23/06/2026;ES-01-01-025;LAVANDERÍA;15,8;1,9;30,02
24/06/2026;ES-01-01-017;LAVANDERÍA;21,1;1,9;40,09
24/06/2026;ES-01-01-009;LAVANDERÍA;8,6;1,9;16,34
24/06/2026;ES-01-01-042;LAVANDERÍA;8,6;1,9;16,34
24/06/2026;ES-01-01-055;LAVANDERÍA;8,9;1,9;16,91
24/06/2026;ES-01-01-056;LAVANDERÍA;15,8;1,9;30,02
24/06/2026;ES-01-02-009;LAVANDERÍA;5,55;1,9;10,55
25/06/2026;ES-01-01-024;LAVANDERÍA;27,7;1,9;52,63
25/06/2026;ES-01-01-008;LAVANDERÍA;4,3;1,9;8,17
25/06/2026;ES-01-01-030;LAVANDERÍA;12,9;1,9;24,51
26/06/2026;ES-01-01-020;LAVANDERÍA;2,4;1,9;4,56
26/06/2026;ES-01-01-007;LAVANDERÍA;2,4;1,9;4,56
27/06/2026;ES-01-01-012;LAVANDERÍA;16,95;1,9;32,21
27/06/2026;ES-01-01-025;LAVANDERÍA;2,4;1,9;4,56
27/06/2026;ES-01-01-022;LAVANDERÍA;12;1,9;22,80
27/06/2026;ES-01-01-009;LAVANDERÍA;4,3;1,9;8,17
27/06/2026;ES-01-01-002;LAVANDERÍA;7,2;1,9;13,68
27/06/2026;ES-01-01-032;LAVANDERÍA;11,75;1,9;22,33
28/06/2026;ES-01-01-006;LAVANDERÍA;2,4;1,9;4,56
28/06/2026;ES-01-01-058;LAVANDERÍA;14,7;1,9;27,93
29/06/2026;ES-01-01-015;LAVANDERÍA;2,4;1,9;4,56
29/06/2026;ES-01-01-029;LAVANDERÍA;15,05;1,9;28,60
29/06/2026;ES-01-01-036;LAVANDERÍA;19,6;1,9;37,24
29/06/2026;ES-01-01-002;LAVANDERÍA;2,4;1,9;4,56
30/06/2026;ES-01-01-024;LAVANDERÍA;8,1;1,9;15,39
30/06/2026;ES-01-01-025;LAVANDERÍA;15,8;1,9;30,02
30/06/2026;ES-01-01-054;LAVANDERÍA;2,4;1,9;4,56
30/06/2026;ES-01-01-031;LAVANDERÍA;6,45;1,9;12,26
30/06/2026;ES-01-01-001;LAVANDERÍA;2,4;1,9;4,56
30/06/2026;ES-01-01-003;LAVANDERÍA;2,4;1,9;4,56
04/06/2026;ES-02-01-018;LAVANDERÍA;9,6;1,9;18,24
05/06/2026;ES-02-01-026;LAVANDERÍA;12;1,9;22,80
08/06/2026;ES-01-01-057;LAVANDERÍA;23,05;1,9;43,80
08/06/2026;ES-01-02-024;LAVANDERÍA;8,2;1,9;15,58
09/06/2026;ES-02-01-024;LAVANDERÍA;2,4;1,9;4,56
09/06/2026;ES-01-02-024;LAVANDERÍA;2,4;1,9;4,56
14/06/2026;ES-01-01-057;LAVANDERÍA;10,8;1,9;20,52
16/06/2026;ES-02-01-010;LAVANDERÍA;9,6;1,9;18,24
20/06/2026;ES-01-01-057;LAVANDERÍA;13,5;1,9;25,65
25/06/2026;ES-02-01-010;LAVANDERÍA;9,9;1,9;18,81
28/06/2026;ES-01-01-057;LAVANDERÍA;18,7;1,9;35,53
01/06/2026;ES-01-02-001;LAVANDERÍA;4,05;1,9;7,70
01/06/2026;ES-01-02-003;LAVANDERÍA;4,05;1,9;7,70
01/06/2026;ES-01-02-011;LAVANDERÍA;4,05;1,9;7,70
02/06/2026;ES-01-02-007;LAVANDERÍA;4,05;1,9;7,70
03/06/2026;ES-01-02-001;LAVANDERÍA;4,05;1,9;7,70
03/06/2026;ES-01-02-002;LAVANDERÍA;7,2;1,9;13,68
03/06/2026;ES-01-02-010;LAVANDERÍA;7,85;1,9;14,92
03/06/2026;ES-01-02-011;LAVANDERÍA;4,05;1,9;7,70
04/06/2026;ES-01-02-002;LAVANDERÍA;7,2;1,9;13,68
04/06/2026;ES-01-02-012;LAVANDERÍA;4,05;1,9;7,70
04/06/2026;ES-01-02-015;LAVANDERÍA;4,05;1,9;7,70
05/06/2026;ES-01-02-003;LAVANDERÍA;4,05;1,9;7,70
05/06/2026;ES-01-02-006;LAVANDERÍA;9,8;1,9;18,62
05/06/2026;ES-01-02-007;LAVANDERÍA;4,05;1,9;7,70
06/06/2026;ES-01-02-001;LAVANDERÍA;4,05;1,9;7,70
06/06/2026;ES-01-02-002;LAVANDERÍA;7,2;1,9;13,68
06/06/2026;ES-01-02-010;LAVANDERÍA;7,85;1,9;14,92
06/06/2026;ES-01-02-015;LAVANDERÍA;1,4;1,9;2,66
07/06/2026;ES-01-02-002;LAVANDERÍA;7,2;1,9;13,68
07/06/2026;ES-01-02-010;LAVANDERÍA;7,85;1,9;14,92
07/06/2026;ES-01-02-012;LAVANDERÍA;4,05;1,9;7,70
08/06/2026;ES-01-02-001;LAVANDERÍA;4,05;1,9;7,70
08/06/2026;ES-01-02-005;LAVANDERÍA;4,05;1,9;7,70
09/06/2026;ES-01-02-003;LAVANDERÍA;4,05;1,9;7,70
09/06/2026;ES-01-02-007;LAVANDERÍA;4,05;1,9;7,70
09/06/2026;ES-01-02-011;LAVANDERÍA;4,05;1,9;7,70
11/06/2026;ES-01-02-002;LAVANDERÍA;7,2;1,9;13,68
11/06/2026;ES-01-02-003;LAVANDERÍA;4,05;1,9;7,70
11/06/2026;ES-01-02-005;LAVANDERÍA;4,05;1,9;7,70
11/06/2026;ES-01-02-010;LAVANDERÍA;7,85;1,9;14,92
12/06/2026;ES-01-02-001;LAVANDERÍA;4,05;1,9;7,70
12/06/2026;ES-01-02-002;LAVANDERÍA;7,2;1,9;13,68
12/06/2026;ES-01-02-007;LAVANDERÍA;4,05;1,9;7,70
12/06/2026;ES-01-02-011;LAVANDERÍA;4,05;1,9;7,70
12/06/2026;ES-01-02-015;LAVANDERÍA;0,3;1,9;0,57
13/06/2026;ES-01-02-003;LAVANDERÍA;4,05;1,9;7,70
14/06/2026;ES-01-02-005;LAVANDERÍA;4,05;1,9;7,70
14/06/2026;ES-01-02-011;LAVANDERÍA;4,05;1,9;7,70
15/06/2026;ES-01-02-001;LAVANDERÍA;4,05;1,9;7,70
15/06/2026;ES-01-02-002;LAVANDERÍA;4,05;1,9;7,70
15/06/2026;ES-01-02-012;LAVANDERÍA;4,05;1,9;7,70
15/06/2026;ES-01-02-015;LAVANDERÍA;8,1;1,9;15,39
16/06/2026;ES-01-02-010;LAVANDERÍA;7,85;1,9;14,92
16/06/2026;ES-01-02-006;LAVANDERÍA;9,8;1,9;18,62
16/06/2026;ES-01-02-007;LAVANDERÍA;4,05;1,9;7,70
17/06/2026;ES-01-02-003;LAVANDERÍA;4,05;1,9;7,70
17/06/2026;ES-01-02-011;LAVANDERÍA;4,05;1,9;7,70
18/06/2026;ES-01-02-002;LAVANDERÍA;4,05;1,9;7,70
19/06/2026;ES-01-02-001;LAVANDERÍA;4,05;1,9;7,70
19/06/2026;ES-01-02-007;LAVANDERÍA;4,05;1,9;7,70
20/06/2026;ES-01-02-005;LAVANDERÍA;4,05;1,9;7,70
20/06/2026;ES-01-02-012;LAVANDERÍA;4,05;1,9;7,70
21/06/2026;ES-01-02-003;LAVANDERÍA;4,05;1,9;7,70
22/06/2026;ES-01-02-002;LAVANDERÍA;4,05;1,9;7,70
23/06/2026;ES-01-02-007;LAVANDERÍA;4,05;1,9;7,70
24/06/2026;ES-01-02-001;LAVANDERÍA;4,05;1,9;7,70
24/06/2026;ES-01-02-002;LAVANDERÍA;4,05;1,9;7,70
26/06/2026;ES-01-02-007;LAVANDERÍA;4,05;1,9;7,70
27/06/2026;ES-01-02-002;LAVANDERÍA;7,2;1,9;13,68
27/06/2026;ES-01-02-003;LAVANDERÍA;4,05;1,9;7,70
27/06/2026;ES-01-02-011;LAVANDERÍA;4,05;1,9;7,70
28/06/2026;ES-01-02-001;LAVANDERÍA;4,05;1,9;7,70
28/06/2026;ES-01-02-002;LAVANDERÍA;7,2;1,9;13,68
28/06/2026;ES-01-02-005;LAVANDERÍA;7,2;1,9;13,68
28/06/2026;ES-01-02-010;LAVANDERÍA;7,85;1,9;14,92
28/06/2026;ES-01-02-012;LAVANDERÍA;4,05;1,9;7,70
29/06/2026;ES-01-02-013;LAVANDERÍA;4,95;1,9;9,41
30/06/2026;ES-01-02-003;LAVANDERÍA;4,05;1,9;7,70
30/06/2026;ES-01-02-007;LAVANDERÍA;4,05;1,9;7,70
01/04/2026;ES-01-02-013;AMENITIE;1;3,5;3,50
01/04/2026;ES-01-02-003;AMENITIE;1;3,5;3,50
02/04/2026;ES-01-02-010;AMENITIE;2;3,5;7,00
04/04/2026;ES-01-02-001;AMENITIE;1;3,5;3,50
04/04/2026;ES-01-02-002;AMENITIE;1;3,5;3,50
04/04/2026;ES-01-02-005;AMENITIE;1;3,5;3,50
04/04/2026;ES-01-02-010;AMENITIE;2;3,5;7,00
04/04/2026;ES-01-02-013;AMENITIE;1;3,5;3,50
05/04/2026;ES-01-02-003;AMENITIE;1;3,5;3,50
05/04/2026;ES-01-02-005;AMENITIE;1;3,5;3,50
05/04/2026;ES-01-02-012;AMENITIE;1;3,5;3,50
06/04/2026;ES-01-02-001;AMENITIE;1;3,5;3,50
06/04/2026;ES-01-02-015;AMENITIE;1;3,5;3,50
07/04/2026;ES-01-02-010;AMENITIE;2;3,5;7,00
07/04/2026;ES-01-02-013;AMENITIE;1;3,5;3,50
08/04/2026;ES-01-02-002;AMENITIE;1;3,5;3,50
08/04/2026;ES-01-02-003;AMENITIE;1;3,5;3,50
08/04/2026;ES-01-02-005;AMENITIE;1;3,5;3,50
10/04/2026;ES-01-02-010;AMENITIE;2;3,5;7,00
11/04/2026;ES-01-02-002;AMENITIE;1;3,5;3,50
11/04/2026;ES-01-02-003;AMENITIE;1;3,5;3,50
11/04/2026;ES-01-02-010;AMENITIE;2;3,5;7,00
11/04/2026;ES-01-02-005;AMENITIE;1;3,5;3,50
12/04/2026;ES-01-02-001;AMENITIE;1;3,5;3,50
12/04/2026;ES-01-02-010;AMENITIE;2;3,5;7,00
12/04/2026;ES-01-02-012;AMENITIE;1;3,5;3,50
13/04/2026;ES-01-02-005;AMENITIE;1;3,5;3,50
13/04/2026;ES-01-02-013;AMENITIE;1;3,5;3,50
14/04/2026;ES-01-02-002;AMENITIE;1;3,5;3,50
14/04/2026;ES-01-02-003;AMENITIE;1;3,5;3,50
15/04/2026;ES-01-02-003;AMENITIE;1;3,5;3,50
16/04/2026;ES-01-02-001;AMENITIE;1;3,5;3,50
16/04/2026;ES-01-02-002;AMENITIE;1;3,5;3,50
16/04/2026;ES-01-02-010;AMENITIE;1;3,5;3,50
17/04/2026;ES-01-02-015;AMENITIE;1;3,5;3,50
18/04/2026;ES-01-02-001;AMENITIE;1;3,5;3,50
18/04/2026;ES-01-02-002;AMENITIE;1;3,5;3,50
19/04/2026;ES-01-02-002;AMENITIE;1;3,5;3,50
19/04/2026;ES-01-02-003;AMENITIE;1;3,5;3,50
19/04/2026;ES-01-02-005;AMENITIE;1;3,5;3,50
19/04/2026;ES-01-02-010;AMENITIE;2;3,5;7,00
21/04/2026;ES-01-02-005;AMENITIE;1;3,5;3,50
22/04/2026;ES-01-02-005;AMENITIE;1;3,5;3,50
23/04/2026;ES-01-02-002;AMENITIE;1;3,5;3,50
23/04/2026;ES-01-02-003;AMENITIE;1;3,5;3,50
23/04/2026;ES-01-02-005;AMENITIE;1;3,5;3,50
23/04/2026;ES-01-02-010;AMENITIE;1;3,5;3,50
23/04/2026;ES-01-02-012;AMENITIE;1;3,5;3,50
24/04/2026;ES-01-02-002;AMENITIE;1;3,5;3,50
25/04/2026;ES-01-02-001;AMENITIE;1;3,5;3,50
25/04/2026;ES-01-02-010;AMENITIE;2;3,5;7,00
25/04/2026;ES-01-02-013;AMENITIE;1;3,5;3,50
26/04/2026;ES-01-02-001;AMENITIE;1;3,5;3,50
26/04/2026;ES-01-02-002;AMENITIE;1;3,5;3,50
26/04/2026;ES-01-02-003;AMENITIE;1;3,5;3,50
26/04/2026;ES-01-02-010;AMENITIE;2;3,5;7,00
27/04/2026;ES-01-02-012;AMENITIE;1;3,5;3,50
27/04/2026;ES-01-02-015;AMENITIE;1;3,5;3,50
29/04/2026;ES-01-02-001;AMENITIE;1;3,5;3,50
30/04/2026;ES-01-02-001;AMENITIE;1;3,5;3,50
30/04/2026;ES-01-02-011;AMENITIE;1;3,5;3,50
01/05/2026;ES-01-02-002;AMENITIE;1;3,5;3,50
01/05/2026;ES-01-02-003;AMENITIE;1;3,5;3,50
01/05/2026;ES-01-02-010;AMENITIE;1;3,5;3,50
02/05/2026;ES-01-02-001;AMENITIE;1;3,5;3,50
02/05/2026;ES-01-02-003;AMENITIE;1;3,5;3,50
02/05/2026;ES-01-02-012;AMENITIE;1;3,5;3,50
02/05/2026;ES-01-02-011;AMENITIE;1;3,5;3,50
03/05/2026;ES-01-02-001;AMENITIE;1;3,5;3,50
03/05/2026;ES-01-02-002;AMENITIE;1;3,5;3,50
03/05/2026;ES-01-02-005;AMENITIE;1;3,5;3,50
03/05/2026;ES-01-02-010;AMENITIE;2;3,5;7,00
04/05/2026;ES-01-02-001;AMENITIE;1;3,5;3,50
04/05/2026;ES-01-02-011;AMENITIE;1;3,5;3,50
04/05/2026;ES-01-02-012;AMENITIE;1;3,5;3,50
05/05/2026;ES-01-02-010;AMENITIE;2;3,5;7,00
06/05/2026;ES-01-02-002;AMENITIE;1;3,5;3,50
06/05/2026;ES-01-02-003;AMENITIE;1;3,5;3,50
07/05/2026;ES-01-02-005;AMENITIE;1;3,5;3,50
07/05/2026;ES-01-02-010;AMENITIE;1;3,5;3,50
08/05/2026;ES-01-02-010;AMENITIE;2;3,5;7,00
09/05/2026;ES-01-02-001;AMENITIE;1;3,5;3,50
09/05/2026;ES-01-02-002;AMENITIE;1;3,5;3,50
09/05/2026;ES-01-02-003;AMENITIE;1;3,5;3,50
10/05/2026;ES-01-02-001;AMENITIE;1;3,5;3,50
10/05/2026;ES-01-02-002;AMENITIE;1;3,5;3,50
10/05/2026;ES-01-02-003;AMENITIE;1;3,5;3,50
10/05/2026;ES-01-02-010;AMENITIE;2;3,5;7,00
10/05/2026;ES-01-02-013;AMENITIE;1;3,5;3,50
10/05/2026;ES-01-02-012;AMENITIE;1;3,5;3,50
11/05/2026;ES-01-02-010;AMENITIE;2;3,5;7,00
11/05/2026;ES-01-02-011;AMENITIE;1;3,5;3,50
11/05/2026;ES-01-02-015;AMENITIE;1;3,5;3,50
12/05/2026;ES-01-02-005;AMENITIE;1;3,5;3,50
12/05/2026;ES-01-02-010;AMENITIE;2;3,5;7,00
13/05/2026;ES-01-02-002;AMENITIE;1;3,5;3,50
14/05/2026;ES-01-02-010;AMENITIE;2;3,5;7,00
16/05/2026;ES-01-02-002;AMENITIE;1;3,5;3,50
16/05/2026;ES-01-02-010;AMENITIE;2;3,5;7,00
16/05/2026;ES-01-02-012;AMENITIE;1;3,5;3,50
17/05/2026;ES-01-02-010;AMENITIE;2;3,5;7,00
17/05/2026;ES-01-02-012;AMENITIE;1;3,5;3,50
18/05/2026;ES-01-02-001;AMENITIE;1;3,5;3,50
18/05/2026;ES-01-02-003;AMENITIE;1;3,5;3,50
20/05/2026;ES-01-02-010;AMENITIE;1;3,5;3,50
20/05/2026;ES-01-02-012;AMENITIE;1;3,5;3,50
21/05/2026;ES-01-02-010;AMENITIE;2;3,5;7,00
22/05/2026;ES-01-02-002;AMENITIE;1;3,5;3,50
23/05/2026;ES-01-02-002;AMENITIE;1;3,5;3,50
23/05/2026;ES-01-02-010;AMENITIE;2;3,5;7,00
23/05/2026;ES-01-02-012;AMENITIE;1;3,5;3,50
24/05/2026;ES-01-02-010;AMENITIE;2;3,5;7,00
24/05/2026;ES-01-02-012;AMENITIE;1;3,5;3,50
25/05/2026;ES-01-02-002;AMENITIE;1;3,5;3,50
25/05/2026;ES-01-02-003;AMENITIE;1;3,5;3,50
25/05/2026;ES-01-02-015;AMENITIE;1;3,5;3,50
26/05/2026;ES-01-02-012;AMENITIE;1;3,5;3,50
27/05/2026;ES-01-02-002;AMENITIE;1;3,5;3,50
27/05/2026;ES-01-02-010;AMENITIE;1;3,5;3,50
28/05/2026;ES-01-02-005;AMENITIE;1;3,5;3,50
29/05/2026;ES-01-02-003;AMENITIE;1;3,5;3,50
29/05/2026;ES-01-02-010;AMENITIE;1;3,5;3,50
30/05/2026;ES-01-02-001;AMENITIE;1;3,5;3,50
30/05/2026;ES-01-02-002;AMENITIE;1;3,5;3,50
31/05/2026;ES-01-02-005;AMENITIE;1;3,5;3,50
31/05/2026;ES-01-02-010;AMENITIE;2;3,5;7,00
01/06/2026;ES-01-02-001;AMENITIE;1;3,5;3,50
01/06/2026;ES-01-02-003;AMENITIE;1;3,5;3,50
01/06/2026;ES-01-02-011;AMENITIE;1;3,5;3,50
03/06/2026;ES-01-02-001;AMENITIE;1;3,5;3,50
03/06/2026;ES-01-02-002;AMENITIE;1;3,5;3,50
03/06/2026;ES-01-02-010;AMENITIE;2;3,5;7,00
03/06/2026;ES-01-02-011;AMENITIE;1;3,5;3,50
04/06/2026;ES-01-02-002;AMENITIE;1;3,5;3,50
04/06/2026;ES-01-02-012;AMENITIE;1;3,5;3,50
04/06/2026;ES-01-02-015;AMENITIE;1;3,5;3,50
05/06/2026;ES-01-02-003;AMENITIE;1;3,5;3,50
06/06/2026;ES-01-02-001;AMENITIE;1;3,5;3,50
06/06/2026;ES-01-02-002;AMENITIE;1;3,5;3,50
06/06/2026;ES-01-02-010;AMENITIE;2;3,5;7,00
07/06/2026;ES-01-02-002;AMENITIE;1;3,5;3,50
07/06/2026;ES-01-02-010;AMENITIE;2;3,5;7,00
07/06/2026;ES-01-02-012;AMENITIE;1;3,5;3,50
08/06/2026;ES-01-02-001;AMENITIE;1;3,5;3,50
08/06/2026;ES-01-02-005;AMENITIE;1;3,5;3,50
09/06/2026;ES-01-02-003;AMENITIE;1;3,5;3,50
09/06/2026;ES-01-02-011;AMENITIE;1;3,5;3,50
11/06/2026;ES-01-02-002;AMENITIE;1;3,5;3,50
11/06/2026;ES-01-02-003;AMENITIE;1;3,5;3,50
11/06/2026;ES-01-02-005;AMENITIE;1;3,5;3,50
11/06/2026;ES-01-02-010;AMENITIE;2;3,5;7,00
12/06/2026;ES-01-02-001;AMENITIE;1;3,5;3,50
12/06/2026;ES-01-02-002;AMENITIE;1;3,5;3,50
12/06/2026;ES-01-02-011;AMENITIE;1;3,5;3,50
12/06/2026;ES-01-02-015;AMENITIE;2;3,5;7,00
13/06/2026;ES-01-02-003;AMENITIE;1;3,5;3,50
14/06/2026;ES-01-02-005;AMENITIE;1;3,5;3,50
14/06/2026;ES-01-02-011;AMENITIE;1;3,5;3,50
15/06/2026;ES-01-02-001;AMENITIE;1;3,5;3,50
15/06/2026;ES-01-02-002;AMENITIE;1;3,5;3,50
15/06/2026;ES-01-02-012;AMENITIE;1;3,5;3,50
15/06/2026;ES-01-02-015;AMENITIE;1;3,5;3,50
16/06/2026;ES-01-02-010;AMENITIE;2;3,5;7,00
17/06/2026;ES-01-02-003;AMENITIE;1;3,5;3,50
17/06/2026;ES-01-02-011;AMENITIE;1;3,5;3,50
18/06/2026;ES-01-02-002;AMENITIE;1;3,5;3,50
19/06/2026;ES-01-02-001;AMENITIE;1;3,5;3,50
20/06/2026;ES-01-02-005;AMENITIE;1;3,5;3,50
20/06/2026;ES-01-02-012;AMENITIE;1;3,5;3,50
21/06/2026;ES-01-02-003;AMENITIE;1;3,5;3,50
22/06/2026;ES-01-02-002;AMENITIE;1;3,5;3,50
24/06/2026;ES-01-02-001;AMENITIE;1;3,5;3,50
24/06/2026;ES-01-02-002;AMENITIE;1;3,5;3,50
27/06/2026;ES-01-02-002;AMENITIE;1;3,5;3,50
27/06/2026;ES-01-02-003;AMENITIE;1;3,5;3,50
27/06/2026;ES-01-02-011;AMENITIE;1;3,5;3,50
28/06/2026;ES-01-02-001;AMENITIE;1;3,5;3,50
28/06/2026;ES-01-02-002;AMENITIE;1;3,5;3,50
28/06/2026;ES-01-02-005;AMENITIE;1;3,5;3,50
28/06/2026;ES-01-02-010;AMENITIE;2;3,5;7,00
28/06/2026;ES-01-02-012;AMENITIE;1;3,5;3,50
29/06/2026;ES-01-02-013;AMENITIE;1;3,5;3,50
30/06/2026;ES-01-02-003;AMENITIE;1;3,5;3,50
